user_id,lock_id,sale_datetime,sale_id,make,model,has_trade_in,is_financed,apr,delivery_distance
10146928.0,523688,9/14/2022 20:13,801050,Honda,Civic,1,0,,719
10272031.0,526152,9/27/2022 21:28,800986,Toyota,Tacoma,0,1,0.131,388
10062937.0,507748,9/20/2022 20:14,802252,Jeep,Wrangler,0,0,,350
10102762.0,527104,9/15/2022 19:31,800990,Mercedes-Benz,GLC,0,0,,1057
10184845.0,507332,9/11/2022 21:53,801980,Mercedes-Benz,GLC,1,0,,184
10024738.0,523884,9/13/2022 20:16,802428,Nissan,Leaf,0,0,,1601
10119754.0,519336,10/2/2022 21:47,802558,Mercedes-Benz,E-Class,0,0,,1592
10236535.0,514440,9/28/2022 20:46,800634,Mercedes-Benz,GLC,1,0,,527
10162891.0,523160,9/19/2022 13:48,801370,Mercedes-Benz,S-Class,0,1,0.039,961
10212868.0,503578,9/12/2022 22:33,801360,Tesla,Model 3,1,0,,401
10103944.0,500350,9/23/2022 20:34,800246,Tesla,Model 3,1,0,,319
10031098.0,527508,9/27/2022 15:28,800678,Ram,1500,0,1,0.034,390
10191748.0,507036,9/28/2022 1:04,801602,Mercedes-Benz,GLC,0,1,0.105,828
10011661.0,507556,9/14/2022 19:39,801442,BMW,3 Series,0,0,,1178
10046323.0,511502,9/21/2022 13:27,800138,Chevrolet,Malibu,1,0,,920
10143076.0,509642,10/5/2022 16:26,800658,Tesla,Model 3,0,0,,373
10210825.0,506228,9/18/2022 12:19,800842,Honda,HR-V,1,0,,0
10212574.0,505662,9/30/2022 12:41,801434,Toyota,Corolla,0,0,,1416
10074484.0,516238,10/1/2022 22:42,801802,Hyundai,Sonata,0,1,0.031,775
10255084.0,524218,9/9/2022 21:48,800504,Porsche,Panamera,0,0,,1106
10077862.0,518550,9/20/2022 4:07,800464,Porsche,Panamera,0,0,,1733
10128199.0,505554,9/14/2022 17:07,800488,Toyota,Corolla,1,0,,1045
10148728.0,524068,9/13/2022 18:00,801828,Ford,Mustang,1,0,,0
10250485.0,500208,9/30/2022 19:22,802070,Tesla,Model 3,1,0,,376
10113004.0,519876,9/29/2022 16:07,801628,Ford,F-150,0,1,0.149,91
10269952.0,522480,10/5/2022 16:34,801234,Mercedes-Benz,E-Class,0,1,0.115,1712
10111927.0,514608,9/27/2022 20:38,801750,Mercedes-Benz,GLE,0,0,,198
10235194.0,513424,9/30/2022 15:46,801626,Subaru,Forester,1,0,,183
10290925.0,522582,9/27/2022 20:53,800498,Toyota,Corolla,0,0,,1878
10046494.0,506782,9/13/2022 22:03,800552,Ford,F-150,0,0,,203
10129333.0,509886,9/15/2022 18:29,801146,Mercedes-Benz,E-Class,1,0,,620
10282606.0,509662,10/1/2022 1:08,801848,Audi,A4,0,1,0.34,1685
10019185.0,505212,10/1/2022 16:06,801504,Subaru,WRX,0,0,,1522
10113064.0,524640,9/28/2022 21:58,800266,Audi,A6,0,0,,1467
10098481.0,511228,9/13/2022 16:49,802022,BMW,5 Series,0,1,0.044,601
10154875.0,505962,9/19/2022 13:22,800226,Honda,CR-V,1,0,,163
10263214.0,504268,9/13/2022 19:44,800962,Toyota,Corolla,0,0,,750
10268347.0,518648,9/20/2022 21:57,800308,Ford,F-150,0,1,0.142,604
10265128.0,504876,9/14/2022 15:50,800836,Mercedes-Benz,E-Class,1,1,0.047,382
10207246.0,502032,10/1/2022 13:22,802506,Mercedes-Benz,S-Class,0,0,,1410
10231834.0,516096,9/15/2022 1:08,801490,Ford,Fusion,1,0,,499
10174888.0,506906,9/14/2022 1:29,800800,Nissan,Sentra,0,0,,1110
10139497.0,503686,10/3/2022 19:24,802456,Volkswagen,Beetle,1,1,0.137,0
10067179.0,519852,9/14/2022 2:13,802470,Porsche,911,0,0,,397
10209286.0,510846,9/15/2022 1:21,800824,Ram,1500,1,1,0.067,29
10119112.0,506440,9/14/2022 13:30,801320,Volkswagen,Beetle,1,0,,580
10080952.0,501336,9/30/2022 19:59,801672,BMW,5 Series,1,0,,73
10013161.0,527318,9/23/2022 22:45,801358,Mercedes-Benz,E-Class,1,0,,338
10064281.0,518726,9/14/2022 17:32,802480,Mercedes-Benz,S-Class,1,1,0.111,483
10234219.0,527220,10/4/2022 23:16,802532,Subaru,WRX,0,0,,800
10158076.0,516406,9/14/2022 18:26,802668,Chevrolet,Equinox,0,0,,1270
10145707.0,515548,9/20/2022 20:31,801768,Tesla,Model S,1,0,,527
10150102.0,520238,9/26/2022 15:22,802164,Chevrolet,Malibu,0,0,,1249
10020487.0,505102,9/22/2022 17:45,801640,Nissan,Titan,0,0,,163
10193704.0,524094,9/14/2022 22:25,802102,Audi,A4,0,0,,923
10143253.0,524266,9/20/2022 13:42,801432,Porsche,Panamera,0,0,,625
10213420.0,524298,9/29/2022 20:47,802662,Honda,CR-V,0,0,,335
10061473.0,520424,10/1/2022 17:21,802212,BMW,3 Series,0,0,,1126
10260097.0,525988,9/15/2022 5:05,802358,Toyota,RAV4,0,0,,375
10194562.0,506760,9/27/2022 19:02,801192,Ford,Mustang,0,0,,502
10070641.0,526998,9/30/2022 7:14,801654,Audi,A6,1,0,,1085
10233955.0,504438,10/5/2022 14:27,800600,Audi,Q3,0,0,,983
10062553.0,505970,10/3/2022 16:46,802290,Porsche,Panamera,0,1,0.117,372
10150114.0,516328,10/25/2022 13:33,801134,Nissan,Sentra,0,0,,1468
10201285.0,505404,10/4/2022 12:19,801004,Volkswagen,Passat,0,0,,1249
10139827.0,516374,10/5/2022 20:01,802452,Mercedes-Benz,E-Class,1,0,,597
10083004.0,500246,9/30/2022 15:58,800910,Porsche,Panamera,0,1,0.067,989
10054774.0,511852,9/27/2022 20:46,800184,Ford,Mustang,1,1,0.043,95
10285273.0,504294,9/28/2022 0:41,801696,Mercedes-Benz,E-Class,0,0,,1754
10224013.0,522906,9/28/2022 20:44,800460,Mercedes-Benz,GLC,0,0,,333
10098445.0,500892,9/28/2022 18:16,801496,Subaru,WRX,1,0,,174
10206532.0,509176,9/17/2022 19:08,801456,Nissan,Leaf,0,0,,1077
10251385.0,525064,9/19/2022 15:00,801150,Subaru,WRX,0,1,0.065,481
10287964.0,524374,10/5/2022 14:31,801978,Nissan,Sentra,0,0,,79
,505956,10/6/2022 18:53,802422,Honda,HR-V,0,0,,493
10230241.0,523166,10/3/2022 17:44,802024,Hyundai,Veloster,1,0,,543
10040752.0,512696,9/29/2022 15:38,800716,Volkswagen,Beetle,0,0,,951
10208842.0,518064,9/21/2022 15:40,802680,Porsche,Panamera,1,1,0.067,0
10084765.0,509112,9/24/2022 12:14,802316,Tesla,Model 3,1,0,,1116
10054351.0,502120,9/27/2022 19:00,800182,Mercedes-Benz,GLC,1,1,0.027,0
10227343.0,504966,9/27/2022 18:56,800988,Chevrolet,Equinox,1,0,,285
10143580.0,520852,9/28/2022 18:14,800152,Mercedes-Benz,GLE,0,0,,111
10071115.0,503250,9/27/2022 7:23,802098,Nissan,Sentra,0,1,0.078,1264
10168756.0,509084,9/19/2022 16:07,801438,Porsche,Panamera,0,0,,1163
10231459.0,512792,9/30/2022 17:44,801330,Mercedes-Benz,GLE,0,0,,894
10156960.0,502152,9/19/2022 0:11,801268,Audi,Q3,0,0,,728
10129504.0,508378,9/26/2022 19:11,800232,Toyota,Corolla,1,1,0.025,221
10173145.0,525190,9/26/2022 19:20,800260,Nissan,Sentra,1,0,,408
10273915.0,509196,9/20/2022 14:36,801694,Tesla,Model S,1,0,,256
10104457.0,505286,9/28/2022 14:01,801444,Chevrolet,Camaro,0,0,,89
10247257.0,500888,9/30/2022 6:24,801886,Chevrolet,Malibu,1,0,,467
10055845.0,516514,9/23/2022 14:57,802186,Mercedes-Benz,GLC,1,1,0.097,336
10113991.0,519760,10/4/2022 15:29,802118,Land Rover,Range Rover,0,0,,525
10005556.0,508706,9/29/2022 17:48,801712,Land Rover,Range Rover,0,0,,523
10184374.0,515746,10/27/2022 17:57,800016,Mercedes-Benz,GLE,0,0,,542
10187293.0,521596,10/4/2022 22:41,800560,Nissan,Titan,0,0,,214
10193059.0,517432,9/26/2022 15:38,801282,Mercedes-Benz,S-Class,0,1,0.041,208
10156951.0,500712,10/1/2022 2:39,801448,Ram,1500,0,1,0.048,109
10091134.0,525096,9/20/2022 16:53,800080,Chevrolet,Silverado,1,0,,199
10206103.0,523768,9/23/2022 20:50,801218,Nissan,Leaf,0,0,,310
10189333.0,509690,9/29/2022 19:55,801270,Volkswagen,Passat,1,1,0.013,570
,525638,9/22/2022 16:37,802054,Land Rover,Range Rover,0,0,,0
10261462.0,509364,9/24/2022 15:46,800048,BMW,5 Series,0,1,0.093,852
10283749.0,505026,9/29/2022 22:19,800624,Hyundai,Sonata,0,0,,994
10190137.0,512926,9/21/2022 17:48,802144,Mercedes-Benz,E-Class,0,1,0.069,1765
10010047.0,507652,10/1/2022 14:51,800144,Mercedes-Benz,GLE,1,1,0.017,41
10171678.0,525370,9/25/2022 15:27,801520,Subaru,Forester,1,0,,370
10213438.0,520114,9/30/2022 13:34,800882,Hyundai,Veloster,1,1,0.091,185
10231702.0,523584,10/3/2022 14:10,802106,Ford,Mustang,1,0,,28
10132078.0,506200,9/28/2022 19:15,800332,Volkswagen,Passat,0,0,,1811
10179655.0,524382,9/24/2022 14:12,800492,Nissan,Titan,0,1,0.108,97
10245721.0,513476,9/21/2022 2:58,801052,BMW,5 Series,0,0,,1227
10075423.0,520668,9/21/2022 17:45,802514,Chevrolet,Equinox,0,0,,524
10286344.0,526720,9/29/2022 22:23,801126,Hyundai,Sonata,0,0,,1069
10133971.0,519148,9/27/2022 21:28,801244,Mercedes-Benz,GLE,0,1,0.138,798
10054069.0,500150,9/26/2022 13:04,800780,Chevrolet,Camaro,0,0,,956
10061170.0,507132,9/21/2022 14:26,802606,Ford,Escape,0,0,,488
10209385.0,511726,9/27/2022 17:54,800070,Toyota,Tacoma,0,0,,327
10145026.0,526132,9/26/2022 15:44,800336,Audi,A4,0,1,0.022,155
10175383.0,514232,9/29/2022 20:54,801778,BMW,5 Series,0,1,0.072,1008
10027864.0,505846,9/22/2022 15:59,800096,Honda,HR-V,0,1,0.132,38
10150402.0,509340,9/30/2022 12:43,801158,Chevrolet,Camaro,0,1,0.141,867
10201051.0,500908,10/3/2022 16:33,800394,Land Rover,Range Rover,0,0,,222
10290157.0,521664,9/29/2022 17:48,802200,Subaru,WRX,0,0,,858
10268539.0,504650,9/22/2022 19:42,800288,Honda,Civic,1,1,0.098,526
10173571.0,507790,9/30/2022 18:10,800256,Mercedes-Benz,GLE,0,0,,165
10139911.0,524448,9/21/2022 23:59,802476,BMW,3 Series,1,0,,976
10276048.0,527428,9/22/2022 0:15,802550,Ford,F-150,0,0,,158
10023037.0,505444,10/15/2022 17:31,801122,Ram,1500,0,1,0.045,0
10073626.0,509304,9/29/2022 20:20,801164,Nissan,Leaf,0,0,,610
10175653.0,509194,10/5/2022 16:11,801830,Toyota,RAV4,1,1,0.159,12
10106905.0,524222,10/3/2022 20:05,802454,Tesla,Model 3,1,0,,406
10211866.0,512716,9/22/2022 4:57,800872,Land Rover,Range Rover,0,1,0.016,238
10240231.0,505496,9/23/2022 21:23,800278,Honda,CR-V,1,1,0.135,606
,524664,9/26/2022 19:11,800020,Nissan,Sentra,0,0,,996
10208722.0,515494,9/27/2022 22:52,800942,Ram,1500,1,0,,198
10090765.0,507446,9/25/2022 2:40,800422,Nissan,Titan,0,0,,522
10190359.0,520182,9/22/2022 16:03,801998,Hyundai,Veloster,1,1,0.104,412
10067086.0,525140,9/28/2022 11:51,802494,Ram,1500,0,1,0.079,50
10189894.0,509028,9/29/2022 20:37,802078,Land Rover,Range Rover,0,0,,650
10231855.0,527518,9/22/2022 22:13,802040,Chevrolet,Silverado,0,0,,35
10290847.0,525174,9/22/2022 18:14,800850,Chevrolet,Silverado,0,0,,609
10052401.0,524874,9/22/2022 18:48,801522,BMW,5 Series,0,1,0.022,672
10230991.0,525118,10/3/2022 17:44,801796,Chevrolet,Malibu,1,0,,70
10242769.0,523490,9/29/2022 15:08,800030,Hyundai,Veloster,1,0,,64
10244971.0,502196,10/1/2022 15:55,802484,Volkswagen,Beetle,0,0,,1069
10221784.0,522412,9/29/2022 5:55,801248,Tesla,Model S,1,1,0.017,44
10096435.0,524104,9/27/2022 17:59,801478,Ram,1500,0,0,,842
10161880.0,519944,9/29/2022 13:59,801186,Audi,Q3,1,0,,23
10289332.0,503258,9/27/2022 20:51,800348,Toyota,Corolla,1,0,,514
10276249.0,526686,9/22/2022 21:59,802656,Porsche,911,0,1,0.134,966
10292191.0,515090,10/3/2022 16:51,802228,Mercedes-Benz,S-Class,0,0,,1919
10291525.0,507752,9/29/2022 22:25,801454,Hyundai,Veloster,1,0,,1132
10269541.0,512398,9/27/2022 21:11,801318,Chevrolet,Camaro,0,1,0.151,883
10054354.0,512370,9/23/2022 0:18,800026,Mercedes-Benz,E-Class,0,1,0.097,1556
10097860.0,504654,9/28/2022 20:53,800898,Hyundai,Veloster,1,1,0.02,65
10251178.0,504992,9/25/2022 14:25,802160,Chevrolet,Silverado,0,0,,494
10025608.0,517244,9/23/2022 21:00,800052,Volkswagen,Beetle,0,1,0.08,872
10233835.0,527306,10/2/2022 16:37,801160,Tesla,Model 3,1,1,0.056,260
10160062.0,509962,9/28/2022 4:18,801286,BMW,X3,0,1,0.095,95
10069663.0,504270,9/23/2022 13:06,802500,Nissan,Titan,0,0,,295
10087000.0,513196,9/23/2022 14:58,801466,Ram,1500,0,0,,506
10260568.0,508670,9/23/2022 21:33,802076,BMW,X3,0,1,0.141,0
10037119.0,503066,9/26/2022 22:19,801714,BMW,X3,0,1,0.069,46
10002433.0,510106,10/1/2022 16:03,800482,Ford,Escape,0,1,0.247,354
10118674.0,507180,9/24/2022 18:45,801900,Honda,Civic,1,1,0.029,418
,512586,10/5/2022 13:43,801200,BMW,5 Series,0,1,0.149,394
10160884.0,510752,10/1/2022 20:44,801194,Audi,A4,0,1,0.118,0
10135690.0,518832,9/30/2022 22:17,800074,Ford,Mustang,1,1,0.042,215
10118158.0,509728,9/26/2022 22:18,800432,Toyota,RAV4,0,1,0.145,350
10126717.0,525086,9/29/2022 21:02,800848,Mercedes-Benz,E-Class,0,0,,1752
10063336.0,515904,10/8/2022 19:28,801062,Chevrolet,Equinox,1,0,,412
10217386.0,526034,9/27/2022 14:17,800364,Tesla,Model S,0,1,0.056,629
10245850.0,518924,9/28/2022 18:23,800904,Mercedes-Benz,S-Class,0,1,0.139,1567
10236274.0,514614,10/1/2022 16:57,800510,BMW,5 Series,0,0,,1009
10263859.0,503364,9/23/2022 22:49,801710,Nissan,Leaf,0,0,,1162
10011571.0,517794,9/25/2022 15:11,800908,Toyota,RAV4,0,1,0.238,261
10088242.0,501716,9/29/2022 7:21,801742,Honda,Civic,1,1,0.027,43
10062730.0,502360,10/1/2022 23:52,801660,Toyota,Corolla,1,1,0.047,424
10207108.0,518178,9/25/2022 15:32,801076,Audi,Q3,0,0,,0
10228831.0,512120,9/26/2022 19:18,802392,Nissan,Titan,0,1,0.087,72
10106137.0,501106,9/27/2022 17:18,800374,Chevrolet,Silverado,0,0,,370
10091338.0,504024,10/5/2022 13:10,800828,Mercedes-Benz,GLE,0,0,,126
10126624.0,500336,9/30/2022 15:57,802372,Honda,CR-V,1,0,,6
10279765.0,508198,10/1/2022 20:51,800690,Mercedes-Benz,GLC,1,0,,390
10023130.0,506586,9/29/2022 16:16,802618,Honda,Civic,1,1,0.086,106
10160437.0,509948,9/24/2022 17:35,802536,Ram,1500,0,1,0.142,580
10106188.0,500820,9/26/2022 18:47,801290,Mercedes-Benz,GLE,1,1,0.147,192
10155295.0,503080,9/24/2022 22:13,802060,Ford,Mustang,0,0,,614
10048378.0,508560,9/24/2022 17:59,800622,Chevrolet,Silverado,0,0,,302
10233928.0,518050,9/30/2022 15:59,802684,Ram,1500,0,0,,24
10041772.0,514964,9/28/2022 14:02,802126,Mercedes-Benz,S-Class,1,0,,969
10098370.0,516948,9/24/2022 19:55,800704,Hyundai,Veloster,1,0,,92
10196338.0,509472,10/15/2022 15:49,800444,Honda,CR-V,0,0,,1103
10074013.0,523274,9/24/2022 19:56,800638,Toyota,Corolla,0,1,0.017,1232
10214842.0,511056,9/24/2022 20:01,800250,Nissan,Titan,0,1,0.18,485
10124434.0,519590,10/1/2022 20:05,800880,Audi,A4,1,0,,320
10246216.0,508102,9/29/2022 12:19,801974,Chevrolet,Camaro,0,1,0.029,117
10020190.0,513374,9/30/2022 22:22,801472,Toyota,Corolla,1,1,0.058,151
10131295.0,512664,9/24/2022 21:28,801662,Chevrolet,Malibu,1,0,,454
10204927.0,527238,9/28/2022 14:43,800466,Chevrolet,Malibu,0,0,,482
10074076.0,522348,9/29/2022 13:28,801906,Toyota,Tacoma,0,1,0.104,183
10100980.0,516676,9/27/2022 3:15,800434,BMW,3 Series,0,0,,1730
10056160.0,516088,10/6/2022 0:46,801770,Toyota,Tacoma,0,0,,529
10059562.0,505556,9/27/2022 20:57,800440,Tesla,Model 3,1,0,,799
,503714,9/25/2022 0:40,801500,Tesla,Model 3,0,1,0.095,1825
10121812.0,504760,9/25/2022 1:50,800526,Honda,CR-V,1,0,,82
10288714.0,523276,9/29/2022 17:02,801240,Volkswagen,Beetle,0,0,,120
10226500.0,526992,9/30/2022 21:43,801986,Ford,Fusion,0,0,,669
10185115.0,502202,9/28/2022 23:19,802368,Mercedes-Benz,GLE,1,0,,91
10266187.0,511106,9/29/2022 20:58,801902,Chevrolet,Malibu,1,0,,0
10282183.0,502868,9/25/2022 21:58,802528,Chevrolet,Equinox,1,0,,624
10056286.0,501382,10/3/2022 14:22,802138,Ram,1500,0,0,,469
10031473.0,501532,9/28/2022 22:13,801132,Toyota,Tacoma,0,1,0.152,149
10155196.0,527132,9/30/2022 23:58,800140,Hyundai,Veloster,1,0,,482
10046827.0,507220,10/3/2022 15:33,800776,Mercedes-Benz,GLE,0,0,,556
10007740.0,517452,9/29/2022 2:55,802238,Honda,HR-V,0,1,0.045,10
10220725.0,514550,10/4/2022 12:34,800046,Nissan,Leaf,0,0,,562
10029619.0,521922,9/28/2022 14:08,800724,Hyundai,Veloster,1,0,,377
10200682.0,514924,9/25/2022 18:38,802266,Porsche,911,1,1,0.149,0
10231123.0,520446,10/2/2022 21:42,801016,BMW,5 Series,0,1,0.103,180
10058887.0,522462,9/25/2022 19:16,802016,Volkswagen,Passat,0,0,,1147
10066930.0,527222,9/25/2022 20:58,800110,Hyundai,Sonata,1,0,,695
10163683.0,508566,9/28/2022 0:36,801090,Toyota,Tacoma,0,0,,501
10025089.0,500458,9/29/2022 22:18,800002,Audi,Q3,1,0,,106
10145404.0,514248,9/27/2022 0:13,800684,Tesla,Model 3,1,0,,428
10031725.0,527100,9/29/2022 15:39,801792,BMW,X3,0,1,0.126,83
10048738.0,525008,9/26/2022 4:14,800768,Toyota,Corolla,1,1,0.022,8
10006033.0,525944,9/29/2022 0:17,801026,Toyota,RAV4,0,1,0.033,0
10183168.0,518952,9/27/2022 16:38,801352,Nissan,Titan,0,0,,416
10011079.0,523042,9/26/2022 4:44,802660,Audi,Q3,1,1,0.152,0
10263787.0,517524,10/1/2022 0:52,800900,Ram,1500,1,1,0.146,0
10087687.0,521170,9/30/2022 0:07,800714,Tesla,Model S,1,0,,107
10107781.0,521944,9/26/2022 12:33,800114,Subaru,WRX,1,0,,173
10274998.0,516544,9/27/2022 1:39,800108,Volkswagen,Passat,1,1,0.057,0
10233337.0,509008,9/28/2022 18:31,802314,Porsche,911,0,0,,915
10163416.0,523798,9/29/2022 18:05,800254,Mercedes-Benz,GLE,0,1,0.067,502
,518022,9/26/2022 15:51,802300,Chevrolet,Camaro,0,0,,698
10041994.0,518316,9/27/2022 21:49,801944,Hyundai,Sonata,0,1,0.095,1365
10135234.0,523184,9/26/2022 22:46,801860,Mercedes-Benz,GLE,0,1,0.07,114
10022266.0,522596,10/6/2022 13:08,802294,Nissan,Titan,0,0,,204
10221919.0,513850,9/26/2022 20:04,800406,Volkswagen,Beetle,1,0,,0
10125244.0,517398,9/30/2022 19:47,800446,Subaru,WRX,0,0,,1942
10028992.0,527536,9/30/2022 1:02,802190,Volkswagen,Beetle,0,1,0.018,216
10177504.0,508392,9/27/2022 19:17,800258,Hyundai,Sonata,1,0,,1121
10159294.0,523762,9/26/2022 21:53,802574,Chevrolet,Equinox,0,0,,1019
10097014.0,512316,9/28/2022 13:55,801610,Tesla,Model 3,1,0,,130
10191922.0,512420,9/26/2022 22:48,800472,Chevrolet,Silverado,0,1,0.017,0
10123819.0,516876,9/27/2022 0:04,800312,BMW,5 Series,0,1,0.021,971
10025785.0,521446,9/26/2022 23:09,802434,Toyota,Tacoma,0,0,,249
10022074.0,518474,10/11/2022 21:04,801388,BMW,X3,0,0,,159
10164817.0,517672,9/30/2022 19:06,801552,Honda,Civic,0,1,0.145,596
10189573.0,503138,9/29/2022 15:44,802146,Tesla,Model S,0,1,0.037,783
10080211.0,518084,9/29/2022 15:22,802336,Tesla,Model 3,1,1,0.017,659
10246969.0,500702,9/27/2022 0:05,801624,Chevrolet,Silverado,0,1,0.032,0
10048150.0,512320,9/27/2022 0:20,801878,Chevrolet,Silverado,0,1,0.067,400
10178194.0,503690,9/28/2022 23:26,801588,Porsche,911,1,1,0.147,0
10118179.0,524718,9/28/2022 13:08,802432,BMW,5 Series,0,0,,1500
10184623.0,524868,10/4/2022 21:24,800216,Chevrolet,Camaro,0,0,,1120
10188730.0,516130,9/29/2022 22:14,801760,Honda,HR-V,0,0,,888
10119175.0,502634,10/5/2022 21:28,800400,Porsche,911,0,1,0.326,1555
10103530.0,526722,9/27/2022 2:57,801544,Hyundai,Veloster,0,0,,526
10098418.0,505746,9/27/2022 19:47,801306,Nissan,Sentra,0,1,0.13,628
10216642.0,513756,9/29/2022 16:21,800084,Ram,1500,0,1,0.097,145
10187203.0,526724,9/27/2022 4:25,801276,Ford,F-150,0,0,,448
10165021.0,510428,9/27/2022 5:29,801876,Hyundai,Sonata,0,0,,770
10240330.0,527588,10/12/2022 19:14,801788,BMW,5 Series,1,0,,145
10137499.0,509920,9/28/2022 14:39,801254,Jeep,Wrangler,1,1,0.062,0
10138993.0,524192,9/27/2022 20:22,801920,Toyota,Corolla,1,0,,1166
10118578.0,508442,10/3/2022 15:38,802108,Toyota,Tacoma,0,1,0.182,192
10251889.0,527950,9/30/2022 19:03,801344,Ford,F-150,0,1,0.096,713
10116445.0,527356,9/28/2022 20:55,800134,Volkswagen,Beetle,1,1,0.101,515
10166746.0,511050,10/17/2022 21:07,800960,Mercedes-Benz,S-Class,0,1,0.156,511
10093594.0,524912,10/17/2022 19:33,800158,Hyundai,Sonata,1,0,,1194
10204435.0,514490,9/29/2022 17:27,801580,Chevrolet,Equinox,1,0,,166
10153306.0,520140,9/28/2022 10:24,801992,Toyota,Corolla,0,0,,1143
10239217.0,519416,10/3/2022 15:29,800912,Toyota,Tacoma,0,1,0.226,320
10048216.0,524924,9/30/2022 17:22,801676,Ram,1500,0,1,0.094,351
10256584.0,504150,9/27/2022 21:44,801762,Mercedes-Benz,GLC,1,1,0.152,301
10180369.0,520608,9/28/2022 16:56,802566,Nissan,Sentra,0,0,,1259
10074838.0,521576,9/27/2022 20:55,802560,Nissan,Sentra,0,1,0.156,701
10050178.0,514658,10/1/2022 20:33,802458,Chevrolet,Equinox,0,1,0.028,884
10210933.0,518382,10/1/2022 15:08,802632,Nissan,Titan,0,0,,382
10076080.0,506438,9/29/2022 19:28,802206,Honda,Civic,0,1,0.067,1338
10005130.0,506738,9/30/2022 2:17,802448,Nissan,Titan,0,0,,404
10168972.0,527264,9/28/2022 20:47,800870,Tesla,Model S,1,0,,455
10060390.0,507228,10/4/2022 17:14,802538,Hyundai,Veloster,1,1,0.094,976
10018060.0,504908,9/30/2022 22:19,800104,Tesla,Model 3,1,0,,132
10072045.0,509130,9/30/2022 13:00,800272,Hyundai,Sonata,0,0,,1493
10173004.0,521534,10/1/2022 1:09,800032,Ram,1500,0,0,,1036
10056844.0,517352,9/28/2022 18:48,801884,Chevrolet,Silverado,0,1,0.044,0
10146247.0,517068,9/28/2022 15:13,802032,Honda,HR-V,0,0,,74
10193608.0,524084,9/28/2022 0:26,800442,Audi,A6,1,1,0.106,525
10070422.0,520200,10/3/2022 18:11,802128,Chevrolet,Silverado,0,1,0.15,477
10068919.0,506238,11/5/2022 12:10,801470,Porsche,Panamera,0,0,,637
10077085.0,518240,9/29/2022 13:18,800924,Tesla,Model 3,1,0,,268
10291783.0,509688,9/28/2022 23:14,800448,Hyundai,Veloster,1,1,0.152,98
10069861.0,521600,9/28/2022 1:08,801010,Chevrolet,Silverado,0,0,,716
10131043.0,508724,9/28/2022 1:44,801348,Honda,CR-V,0,1,0.27,338
10161184.0,525468,9/28/2022 12:52,802150,Porsche,911,0,1,0.157,1083
10130941.0,503102,9/30/2022 10:30,801104,Toyota,Corolla,1,1,0.012,66
10132246.0,517854,10/3/2022 17:59,802122,Tesla,Model S,0,0,,994
10020694.0,504816,9/30/2022 21:41,801600,Audi,Q3,0,0,,654
10248052.0,505306,9/28/2022 4:33,801836,Volkswagen,Passat,0,1,0.106,640
10151137.0,502790,9/29/2022 18:34,802424,Audi,Q3,1,0,,344
10153786.0,521022,9/29/2022 19:48,802402,Subaru,Forester,0,0,,831
10288360.0,527568,9/28/2022 14:13,802090,Tesla,Model S,0,0,,1613
10044640.0,509692,9/28/2022 15:33,801586,Audi,A6,0,1,0.145,746
10001881.0,500806,10/1/2022 15:50,802530,BMW,3 Series,0,0,,872
10267690.0,514734,9/28/2022 17:13,802066,Subaru,Forester,0,0,,703
10121440.0,519464,9/28/2022 16:26,800762,Ford,F-150,1,0,,170
10283476.0,513346,10/4/2022 14:12,800948,Land Rover,Range Rover,1,1,0.104,0
10243570.0,518140,9/29/2022 13:46,802170,Hyundai,Veloster,1,1,0.034,23
10090324.0,500538,9/29/2022 12:48,802210,Volkswagen,Beetle,0,1,0.177,0
10001089.0,513628,9/29/2022 22:21,800670,Mercedes-Benz,GLE,0,0,,948
10217842.0,502038,10/4/2022 18:06,800756,Toyota,Corolla,1,1,0.103,618
10041028.0,502524,10/3/2022 0:29,801514,Volkswagen,Passat,1,0,,195
10054954.0,512742,9/29/2022 14:59,800852,Volkswagen,Beetle,0,1,0.048,275
10292614.0,518346,9/28/2022 20:25,800612,Audi,A6,0,1,0.154,1519
10253515.0,503090,10/8/2022 18:39,800106,Chevrolet,Silverado,0,0,,562
10186957.0,507694,9/29/2022 19:38,800324,Honda,HR-V,0,1,0.198,167
10153213.0,503956,9/28/2022 20:07,800450,Hyundai,Veloster,1,1,0.028,486
10165375.0,509714,9/29/2022 16:38,802130,Subaru,Forester,0,0,,546
10223938.0,507516,9/28/2022 20:08,800788,Mercedes-Benz,E-Class,1,1,0.014,364
10074163.0,522924,9/28/2022 22:56,800688,Honda,Civic,0,1,0.114,1641
10156330.0,502526,9/30/2022 12:33,800856,Ford,Fusion,1,0,,1105
10112536.0,518718,9/28/2022 20:20,802202,Porsche,Panamera,0,1,0.142,947
10195324.0,518818,10/4/2022 18:09,801452,Tesla,Model S,0,1,0.028,583
10026964.0,524394,9/29/2022 19:36,801128,Jeep,Wrangler,0,0,,303
10187092.0,525130,10/3/2022 19:41,800014,Tesla,Model 3,0,0,,1383
10291423.0,506206,10/4/2022 0:02,800656,Tesla,Model S,1,0,,52
10135426.0,518320,9/28/2022 22:47,802406,Hyundai,Veloster,1,0,,380
10063585.0,521436,9/28/2022 23:46,802598,Mercedes-Benz,S-Class,0,0,,543
10286017.0,515252,10/3/2022 16:17,801930,Audi,A4,0,0,,1113
10029664.0,510614,9/28/2022 23:31,800262,Chevrolet,Equinox,1,1,0.039,0
10068052.0,526320,10/4/2022 16:16,800352,Ford,F-150,0,1,0.154,0
10099639.0,517180,9/30/2022 18:23,800588,BMW,5 Series,1,0,,899
10147591.0,514554,9/29/2022 15:28,802208,Honda,Civic,0,1,0.028,616
10295470.0,523098,9/30/2022 13:43,801864,Hyundai,Veloster,1,1,0.042,643
10135780.0,500910,9/29/2022 2:11,801278,Porsche,Panamera,0,0,,1617
10170259.0,517678,9/29/2022 20:02,800614,Chevrolet,Silverado,0,1,0.088,341
10168450.0,521098,10/3/2022 12:11,801528,Hyundai,Veloster,1,0,,26
10192090.0,508028,10/3/2022 14:56,800602,Chevrolet,Camaro,0,0,,743
10283374.0,511346,10/5/2022 22:46,802286,Audi,Q3,0,1,0.101,0
10180105.0,501840,9/29/2022 3:01,801756,Mercedes-Benz,GLC,1,0,,760
10012141.0,508280,9/29/2022 2:52,802068,Subaru,Forester,0,0,,862
10264657.0,514180,10/3/2022 17:18,802380,Chevrolet,Equinox,0,1,0.057,825
10031221.0,517404,9/29/2022 22:56,800784,Toyota,Tacoma,0,1,0.158,463
10138768.0,505400,9/29/2022 16:35,802630,Hyundai,Veloster,0,1,0.065,1064
10043872.0,521582,9/30/2022 20:56,800934,Porsche,911,0,0,,690
10156660.0,517386,9/29/2022 3:41,800706,Mercedes-Benz,GLE,0,0,,209
10225027.0,523256,9/30/2022 7:23,802390,Nissan,Titan,1,1,0.069,100
10186288.0,507600,9/30/2022 3:35,801708,Hyundai,Veloster,1,1,0.094,581
10061686.0,506570,9/29/2022 19:40,801400,BMW,5 Series,1,0,,0
10026550.0,517220,10/2/2022 18:06,801260,Nissan,Leaf,1,1,0.085,0
10113871.0,517130,9/29/2022 13:35,802052,Mercedes-Benz,GLE,0,0,,700
10036534.0,518858,9/29/2022 19:18,800650,Nissan,Titan,0,1,0.052,12
10001182.0,501534,9/29/2022 14:25,801684,Chevrolet,Camaro,1,0,,0
10108885.0,504926,9/30/2022 23:21,801044,Ford,Escape,0,1,0.125,199
10016116.0,503662,9/29/2022 15:04,801458,Volkswagen,Passat,1,1,0.071,809
10272745.0,514806,9/29/2022 15:35,802112,Hyundai,Veloster,0,0,,196
10269499.0,502824,9/29/2022 15:33,802674,Ford,F-150,0,0,,161
10117633.0,515734,9/30/2022 11:55,801204,BMW,3 Series,0,0,,1450
10006378.0,502690,9/29/2022 17:49,802672,Volkswagen,Passat,1,0,,608
10081627.0,510088,9/29/2022 16:07,800330,Audi,A4,0,1,0.153,968
10191784.0,504210,9/29/2022 17:47,800290,Ford,Escape,0,1,0.029,163
10272427.0,519384,9/29/2022 16:11,801904,Hyundai,Sonata,1,0,,1139
10137724.0,514836,9/29/2022 17:02,800018,Chevrolet,Silverado,1,0,,44
10093240.0,505938,9/29/2022 19:03,800998,Honda,HR-V,0,0,,402
10275193.0,507664,10/1/2022 16:45,801022,Toyota,Corolla,1,0,,1287
10252705.0,511232,9/29/2022 20:22,800392,Chevrolet,Camaro,1,1,0.035,0
10020121.0,524674,9/30/2022 20:01,800648,Chevrolet,Malibu,0,0,,524
10158139.0,505316,10/3/2022 19:26,801562,Ford,Fusion,1,1,0.025,529
10229938.0,525866,10/2/2022 20:41,800558,Chevrolet,Silverado,1,1,0.061,0
10216054.0,520398,9/29/2022 19:24,801650,Mercedes-Benz,E-Class,1,0,,398
10119487.0,504820,10/4/2022 15:13,802062,Audi,A6,1,0,,219
10059793.0,511488,9/29/2022 19:10,801042,Nissan,Titan,0,1,0.085,187
10253416.0,507982,9/29/2022 19:09,800194,Subaru,Forester,0,0,,737
10184626.0,525492,9/29/2022 19:57,801112,Volkswagen,Beetle,1,0,,531
10261762.0,513860,10/1/2022 19:55,802156,BMW,5 Series,0,1,0.091,88
10162168.0,510628,9/29/2022 20:17,801952,Nissan,Leaf,1,0,,364
10260586.0,505778,9/29/2022 19:28,802478,Chevrolet,Silverado,0,0,,341
10043251.0,521294,10/3/2022 15:07,802596,Toyota,Corolla,1,0,,740
10031776.0,510910,9/29/2022 20:35,800930,BMW,5 Series,0,0,,1590
10226575.0,521960,10/5/2022 16:58,802036,Ford,F-150,0,0,,120
10154590.0,501698,9/29/2022 20:38,801280,BMW,3 Series,1,0,,828
10076977.0,508930,10/1/2022 1:10,801990,Tesla,Model 3,0,0,,1721
10278907.0,522660,9/30/2022 21:39,801256,Honda,HR-V,0,0,,223
10028020.0,511108,10/3/2022 13:06,801238,Hyundai,Veloster,0,0,,72
10259152.0,508920,10/5/2022 19:46,801700,Ford,Mustang,0,1,0.039,259
10249081.0,508634,9/29/2022 22:15,800840,Porsche,Panamera,0,1,0.143,296
10208566.0,526502,10/1/2022 13:28,800792,Mercedes-Benz,S-Class,0,0,,886
10211467.0,527260,10/3/2022 17:49,802302,Mercedes-Benz,S-Class,0,1,0.066,323
10138069.0,502898,10/4/2022 21:30,800496,Mercedes-Benz,E-Class,0,1,0.085,1709
10039780.0,513016,9/30/2022 0:09,802080,Porsche,911,0,1,0.066,220
10191316.0,502570,9/30/2022 0:15,801994,Hyundai,Veloster,0,1,0.035,696
10251379.0,516892,9/30/2022 3:23,800952,Volkswagen,Beetle,0,0,,1366
10234507.0,524274,9/30/2022 0:14,801720,Hyundai,Sonata,0,0,,740
10269016.0,522012,9/30/2022 1:24,800982,Nissan,Titan,0,1,0.126,479
10077475.0,516000,10/1/2022 0:45,801354,Toyota,Corolla,0,0,,1578
10018306.0,508936,9/30/2022 0:20,800132,Mercedes-Benz,GLC,0,0,,500
10199455.0,505524,9/30/2022 1:02,800802,Ford,F-150,0,1,0.078,8
10236496.0,505112,9/30/2022 1:28,802444,Honda,CR-V,0,0,,179
10119286.0,506844,9/30/2022 1:24,801498,Volkswagen,Passat,0,0,,1646
10136263.0,518108,9/30/2022 1:20,800610,Ford,Fusion,0,0,,1431
10189723.0,519016,10/12/2022 0:27,800362,Volkswagen,Beetle,0,1,0.093,255
10027405.0,509246,9/30/2022 2:09,800712,Hyundai,Sonata,0,0,,1331
10248667.0,524050,9/30/2022 2:52,801232,Porsche,911,0,0,,1018
10112926.0,522434,9/30/2022 2:57,801722,Chevrolet,Silverado,0,1,0.08,9
10225627.0,501796,9/30/2022 5:04,801738,Jeep,Wrangler,0,0,,12
10236097.0,522232,10/5/2022 13:11,802438,Honda,CR-V,0,0,,973
10065871.0,501344,9/30/2022 13:53,801316,Nissan,Leaf,1,0,,245
10159645.0,506750,9/30/2022 13:12,800618,Chevrolet,Malibu,0,0,,925
10198039.0,511258,9/30/2022 13:07,802634,BMW,3 Series,0,0,,1559
10227487.0,512582,9/30/2022 18:29,802492,Mercedes-Benz,E-Class,0,0,,1814
10101823.0,508374,9/30/2022 21:58,801266,Toyota,Corolla,0,1,0.064,1627
10181800.0,521248,10/18/2022 18:31,802344,Volkswagen,Passat,0,0,,41
10149085.0,514214,10/3/2022 18:25,801538,Ford,Fusion,1,0,,1279
10199215.0,502462,9/30/2022 21:37,802576,Chevrolet,Silverado,0,1,0.142,50
10039759.0,508750,10/4/2022 15:47,802352,Audi,Q3,0,1,0.054,0
10111729.0,505090,9/30/2022 16:30,802248,Hyundai,Veloster,1,0,,773
10209328.0,501684,9/30/2022 15:19,800512,Hyundai,Veloster,1,0,,106
10131631.0,501900,10/2/2022 2:12,801096,Jeep,Wrangler,0,0,,61
10031377.0,502044,10/3/2022 12:22,800314,Chevrolet,Equinox,0,0,,1051
10164805.0,524140,10/2/2022 0:23,800770,Mercedes-Benz,GLC,1,1,0.133,238
10091776.0,514928,9/30/2022 19:16,801568,Toyota,Tacoma,0,1,0.143,333
10150363.0,500166,10/1/2022 14:15,802084,Ford,F-150,0,1,0.125,239
10022479.0,522696,10/1/2022 16:25,800076,Subaru,WRX,0,0,,1534
10131397.0,527528,10/12/2022 20:27,800012,Volkswagen,Passat,0,0,,1613
10099549.0,516880,10/3/2022 2:49,801176,Volkswagen,Beetle,0,1,0.118,1651
10161559.0,526086,9/30/2022 18:27,802648,Nissan,Titan,1,0,,37
10176154.0,520836,9/30/2022 19:11,802250,Mercedes-Benz,E-Class,0,0,,1952
10218535.0,524980,10/6/2022 13:52,800056,Toyota,Corolla,0,1,0.094,1238
10178218.0,520932,9/30/2022 18:26,802244,Mercedes-Benz,GLC,0,1,0.062,253
10153975.0,515976,9/30/2022 18:23,800112,Land Rover,Range Rover,1,0,,22
10260607.0,504290,10/11/2022 21:45,800036,Subaru,WRX,0,0,,1714
10294456.0,522600,10/3/2022 12:48,800544,Porsche,Panamera,0,0,,322
10219522.0,525362,9/30/2022 19:19,800694,Honda,Civic,1,0,,431
10191352.0,501130,9/30/2022 20:17,800562,BMW,X3,0,1,0.06,382
10276906.0,513106,9/30/2022 19:56,800736,Jeep,Wrangler,1,0,,132
10111807.0,508226,10/1/2022 16:32,801932,Hyundai,Sonata,1,0,,1164
10033297.0,500758,10/16/2022 0:18,801492,Hyundai,Veloster,1,0,,215
10180051.0,514514,9/30/2022 20:42,801394,Nissan,Sentra,0,0,,772
10259482.0,517468,10/1/2022 22:13,801474,Nissan,Titan,0,0,,375
10127299.0,505052,10/27/2022 15:19,801542,Hyundai,Sonata,1,0,,621
10000426.0,509950,9/30/2022 21:49,802496,Honda,CR-V,1,0,,412
10273390.0,514222,10/2/2022 13:50,800778,Chevrolet,Silverado,0,0,,610
10220608.0,520260,9/30/2022 21:35,802242,Audi,Q3,0,1,0.097,1180
10293385.0,502834,10/12/2022 18:53,800068,Tesla,Model 3,1,1,0.028,590
10283152.0,513152,10/3/2022 20:26,800484,Land Rover,Range Rover,0,1,0.077,505
10155940.0,512768,9/30/2022 23:15,800970,Ford,Mustang,0,1,0.093,123
10293859.0,505460,9/30/2022 23:46,802512,Subaru,Forester,1,0,,487
10166059.0,518190,10/1/2022 1:34,801826,Mercedes-Benz,E-Class,0,0,,1889
10085572.0,503282,10/1/2022 2:23,802004,Nissan,Sentra,0,1,0.086,966
10188178.0,500738,10/24/2022 18:14,801362,Nissan,Sentra,0,1,0.056,1413
10262089.0,503790,10/1/2022 2:10,800732,Jeep,Wrangler,1,0,,0
10256920.0,501950,10/2/2022 1:42,800338,Porsche,Panamera,0,1,0.118,1078
10096405.0,519894,10/1/2022 4:33,802446,Chevrolet,Equinox,0,0,,147
10037350.0,514290,10/1/2022 4:40,800730,Chevrolet,Equinox,0,1,0.135,1240
10217665.0,522470,10/1/2022 6:26,801416,Ford,Mustang,0,0,,529
10210453.0,512672,10/31/2022 20:05,802620,Ford,F-150,0,0,,328
10094551.0,519962,10/1/2022 8:35,800772,Hyundai,Sonata,0,0,,1641
10062400.0,510914,10/1/2022 14:07,802152,Nissan,Sentra,0,0,,1460
10254751.0,523068,10/4/2022 20:20,802306,Honda,HR-V,0,0,,13
10139026.0,501756,10/1/2022 16:06,801068,BMW,3 Series,1,0,,943
10148176.0,520280,10/1/2022 20:13,800702,Chevrolet,Silverado,0,0,,516
10149274.0,506766,10/1/2022 15:37,801064,Porsche,911,0,1,0.026,247
10124977.0,524522,10/1/2022 15:37,800236,Chevrolet,Silverado,0,0,,280
10081000.0,523746,10/4/2022 1:33,802690,Audi,Q3,0,0,,852
10137181.0,521868,10/1/2022 16:22,802222,Volkswagen,Beetle,0,0,,1247
10124365.0,511988,10/5/2022 23:26,800028,BMW,X3,0,0,,154
10129363.0,515828,10/3/2022 1:18,800744,Ford,Escape,0,0,,779
10080757.0,502720,10/1/2022 17:22,801148,Honda,HR-V,0,0,,503
10057180.0,519886,10/1/2022 21:24,802288,Audi,A6,0,0,,976
10201666.0,503460,10/1/2022 18:52,802354,Mercedes-Benz,GLE,0,0,,710
10152889.0,505748,10/1/2022 18:54,801724,Ford,Fusion,1,0,,486
10096117.0,514590,10/3/2022 17:10,802436,Nissan,Sentra,0,0,,1396
10286680.0,520374,10/1/2022 20:10,802640,Jeep,Wrangler,0,1,0.067,0
10196764.0,519734,10/2/2022 20:46,801616,Tesla,Model 3,1,1,0.048,112
10115461.0,510340,10/3/2022 15:26,801420,Chevrolet,Equinox,0,1,0.112,326
10289638.0,516458,10/2/2022 0:18,800812,Nissan,Leaf,0,0,,1050
10110424.0,518708,10/2/2022 16:35,802058,Porsche,Panamera,0,1,0.117,560
10091662.0,505786,10/2/2022 12:27,802418,Ford,Mustang,0,0,,0
10272832.0,523776,10/1/2022 21:24,800174,Subaru,WRX,0,1,0.113,1756
10081882.0,526216,10/1/2022 21:16,801092,Ford,Fusion,0,0,,1565
10225243.0,525626,10/1/2022 21:53,800582,Ford,Escape,0,1,0.129,647
10136641.0,519270,10/7/2022 15:31,801686,Tesla,Model S,1,0,,5
10002733.0,509040,10/6/2022 0:20,800524,Toyota,Tacoma,0,0,,0
10124593.0,525194,10/1/2022 23:06,800680,Chevrolet,Equinox,1,0,,43
10187983.0,510572,10/2/2022 21:54,802450,BMW,5 Series,0,0,,1052
10073197.0,505858,10/1/2022 23:32,801374,Volkswagen,Passat,0,1,0.069,1342
10287424.0,523856,10/2/2022 19:21,801928,Tesla,Model 3,0,1,0.033,783
10094893.0,521538,10/2/2022 0:37,802002,Mercedes-Benz,S-Class,0,0,,642
10031449.0,509038,10/16/2022 13:40,801534,Jeep,Wrangler,0,0,,284
10133320.0,517248,10/2/2022 21:38,802498,Audi,Q3,1,0,,127
10024150.0,505612,10/2/2022 2:24,800868,Honda,CR-V,0,0,,789
10087774.0,513204,10/2/2022 2:14,801214,Land Rover,Range Rover,0,0,,483
10015306.0,522622,10/2/2022 21:29,802600,Mercedes-Benz,E-Class,0,0,,1272
10221820.0,505096,10/2/2022 12:48,800344,Land Rover,Range Rover,0,0,,533
10264807.0,504974,10/3/2022 14:05,801844,Nissan,Sentra,0,0,,132
10155112.0,527624,10/5/2022 13:12,800808,Tesla,Model S,0,0,,1724
10097218.0,517410,10/2/2022 16:59,802664,Porsche,Panamera,0,0,,573
10203493.0,514654,10/3/2022 18:06,800580,Jeep,Wrangler,0,0,,533
10034743.0,509128,10/4/2022 16:04,800662,BMW,3 Series,1,1,0.138,564
10140001.0,519602,10/3/2022 17:14,801284,Porsche,911,0,1,0.143,1370
10227655.0,521540,10/11/2022 20:25,801692,Nissan,Leaf,0,0,,1218
10251892.0,518564,10/2/2022 17:24,801264,Volkswagen,Beetle,0,0,,810
10134040.0,518402,10/2/2022 17:55,800040,Audi,A6,0,0,,23
10234345.0,519832,10/6/2022 2:02,800000,Chevrolet,Silverado,0,0,,316
10275793.0,507758,10/2/2022 18:40,800090,Hyundai,Veloster,0,0,,302
10200565.0,507878,10/3/2022 15:21,802094,Volkswagen,Beetle,0,0,,0
10105975.0,515538,10/2/2022 20:40,801424,Hyundai,Sonata,0,1,0.132,610
10006186.0,503210,10/2/2022 21:31,801754,Ram,1500,1,0,,113
10053043.0,501328,10/2/2022 20:39,802526,Volkswagen,Beetle,0,1,0.021,184
10293949.0,523596,10/3/2022 16:34,801206,Mercedes-Benz,GLC,1,0,,653
10049131.0,503530,10/5/2022 21:22,801138,Nissan,Sentra,0,0,,1072
10295368.0,513438,10/13/2022 14:23,800116,Audi,A6,0,0,,1801
10138783.0,507792,10/3/2022 16:50,802616,Audi,A4,1,1,0.028,469
10051030.0,523006,10/3/2022 17:23,800212,Tesla,Model 3,0,0,,700
10006459.0,514190,10/2/2022 23:17,801030,Toyota,Corolla,0,1,0.097,1254
10003957.0,515954,10/2/2022 23:56,802074,Volkswagen,Passat,0,0,,859
10012072.0,523070,10/23/2022 17:53,802158,Jeep,Wrangler,0,0,,390
10010428.0,501874,10/3/2022 13:21,801228,Nissan,Sentra,0,0,,1652
10169254.0,514030,10/3/2022 16:27,800428,Mercedes-Benz,GLC,1,0,,545
10292176.0,503398,10/12/2022 22:43,801410,Mercedes-Benz,GLC,0,0,,695
10106572.0,514784,10/3/2022 13:05,801656,Porsche,Panamera,0,0,,1250
10160770.0,511456,10/12/2022 2:55,801516,Tesla,Model S,0,0,,882
10157821.0,508728,10/4/2022 18:11,801532,Nissan,Sentra,0,0,,1500
10114402.0,510346,10/10/2022 22:18,800038,Toyota,Corolla,0,0,,13
10241977.0,504502,10/3/2022 15:47,801846,Hyundai,Veloster,1,0,,632
10256557.0,509704,10/11/2022 18:06,800300,Ram,1500,0,0,,67
10243024.0,502662,10/3/2022 21:37,801364,Mercedes-Benz,GLC,0,0,,1034
10231318.0,503624,10/3/2022 17:18,800616,Ford,F-150,0,0,,515
10027318.0,512944,10/3/2022 17:02,800746,Chevrolet,Equinox,0,1,0.091,619
10005778.0,522920,10/3/2022 17:37,801426,BMW,3 Series,0,0,,590
10058023.0,527468,10/5/2022 14:20,800214,Mercedes-Benz,GLE,1,0,,338
10065664.0,508780,10/3/2022 18:58,800818,Hyundai,Sonata,0,0,,813
10196173.0,501280,10/30/2022 9:20,801666,Honda,HR-V,0,1,0.055,174
10226050.0,500112,10/10/2022 1:43,801584,BMW,X3,0,0,,122
10157137.0,502104,10/4/2022 0:30,800088,Honda,CR-V,0,0,,773
10272898.0,510592,10/4/2022 22:45,801162,Honda,CR-V,0,1,0.029,117
10209877.0,513654,10/4/2022 16:51,802214,BMW,5 Series,1,1,0.116,297
10099798.0,508672,10/4/2022 17:42,800620,Tesla,Model S,0,0,,1278
10293493.0,500980,10/4/2022 2:09,801996,BMW,3 Series,0,0,,1254
10255945.0,516764,10/6/2022 0:57,801018,Ford,F-150,0,1,0.121,222
10100167.0,510598,10/4/2022 4:13,801408,Porsche,Panamera,0,0,,1026
10080643.0,504888,10/4/2022 14:04,801450,Audi,A4,0,0,,600
10020676.0,515714,10/4/2022 13:59,800282,Audi,A4,0,0,,794
10214206.0,518984,10/24/2022 21:16,802030,Hyundai,Veloster,1,1,0.159,0
10227598.0,521282,10/7/2022 22:31,801988,Porsche,911,0,0,,555
10148428.0,522126,10/4/2022 17:11,802178,Volkswagen,Beetle,1,1,0.012,53
10247152.0,522634,10/4/2022 19:55,800528,Toyota,Tacoma,0,1,0.146,270
10091317.0,518850,10/30/2022 19:21,800914,Chevrolet,Silverado,0,1,0.121,307
10082845.0,514312,10/11/2022 21:11,800274,Volkswagen,Passat,1,0,,211
10078651.0,521078,10/6/2022 12:19,800494,Tesla,Model 3,1,0,,802
10271773.0,500130,10/8/2022 0:29,800172,Honda,HR-V,0,0,,1285
10283821.0,507760,10/5/2022 22:27,801028,Toyota,RAV4,0,1,0.044,295
10160668.0,519060,10/8/2022 2:28,801212,Tesla,Model 3,0,1,0.068,1478
10046743.0,523248,10/6/2022 13:33,800416,Tesla,Model 3,1,0,,483
10182418.0,510578,10/6/2022 2:04,800060,Ford,F-150,1,0,,13
10186801.0,509878,10/7/2022 12:42,802348,Chevrolet,Equinox,1,0,,143
10123621.0,505272,10/7/2022 23:00,800520,Honda,CR-V,0,0,,0
10109446.0,500498,10/9/2022 20:38,801704,Hyundai,Veloster,1,1,0.014,45
10200979.0,505172,10/7/2022 21:53,800936,Land Rover,Range Rover,0,0,,597
10035586.0,521980,10/6/2022 21:42,800166,Ford,F-150,0,1,0.146,259
10147924.0,517566,10/6/2022 21:47,800066,Tesla,Model 3,0,0,,2138
10239319.0,511566,10/7/2022 14:50,801636,Hyundai,Sonata,0,0,,1166
10181941.0,523494,10/9/2022 1:03,802472,Mercedes-Benz,E-Class,1,1,0.121,379
10160758.0,502068,10/31/2022 11:38,801736,Chevrolet,Malibu,0,0,,966
10148419.0,510934,10/12/2022 18:56,802628,Land Rover,Range Rover,0,0,,96
10138999.0,516234,10/10/2022 14:56,800142,Mercedes-Benz,GLE,0,0,,97
10288879.0,512866,10/8/2022 15:37,800720,Subaru,Forester,0,0,,60
10250860.0,505694,10/8/2022 17:41,802676,Hyundai,Veloster,1,1,0.112,601
10124179.0,526842,10/7/2022 15:36,800342,Tesla,Model 3,1,1,0.044,1119
10207675.0,504996,10/7/2022 20:16,801296,Porsche,911,0,1,0.117,674
10223653.0,522560,10/18/2022 17:08,800542,Chevrolet,Camaro,0,0,,737
10287154.0,512174,10/15/2022 21:28,800522,Toyota,Corolla,0,0,,1732
10073707.0,514696,10/9/2022 21:51,801850,Subaru,WRX,0,0,,565
10038979.0,507188,10/8/2022 0:38,801178,Hyundai,Veloster,1,0,,546
10151137.0,501180,10/20/2022 16:56,801908,Mercedes-Benz,E-Class,1,0,,98
10249732.0,518518,10/17/2022 18:33,800926,Subaru,Forester,0,0,,754
10296331.0,502944,10/8/2022 18:40,802338,Hyundai,Sonata,0,0,,927
10265098.0,525898,10/8/2022 13:02,801604,Chevrolet,Silverado,0,1,0.162,102
10199659.0,523906,10/8/2022 17:18,802614,Ford,Fusion,1,1,0.025,624
10087270.0,516280,10/8/2022 18:10,801782,Hyundai,Veloster,0,0,,1841
10092988.0,518656,10/8/2022 19:34,802646,Toyota,RAV4,0,0,,490
10205677.0,506786,10/11/2022 21:50,802044,Hyundai,Veloster,1,0,,259
10026832.0,526376,10/23/2022 22:59,801196,Honda,CR-V,0,1,0.072,1071
10257274.0,516264,10/12/2022 23:57,802322,Chevrolet,Camaro,0,0,,1319
10103164.0,501482,10/9/2022 3:35,800322,Audi,Q3,0,1,0.073,511
10290178.0,507624,10/9/2022 15:27,802188,Hyundai,Veloster,1,1,0.084,295
10187101.0,504864,10/9/2022 16:41,801088,Honda,Civic,1,1,0.012,252
10123771.0,520004,10/9/2022 22:07,800196,Tesla,Model 3,1,0,,447
10166161.0,517114,10/9/2022 19:03,801808,Toyota,Corolla,0,1,0.092,712
10231867.0,513442,10/14/2022 15:34,801578,Ram,1500,0,0,,723
10269967.0,524314,10/10/2022 10:02,801118,Nissan,Leaf,0,1,0.033,732
10088956.0,507268,10/10/2022 13:51,802398,Chevrolet,Equinox,0,0,,414
10252816.0,517592,10/10/2022 14:53,800042,Ford,Fusion,0,1,0.048,1127
10290439.0,519054,10/11/2022 18:58,800408,Ram,1500,1,0,,0
10075687.0,527228,10/13/2022 15:10,801506,Tesla,Model 3,1,0,,1187
10188682.0,527496,10/12/2022 20:11,800430,Ford,Fusion,1,1,0.081,41
10139083.0,509200,10/11/2022 1:16,801918,Chevrolet,Equinox,1,0,,651
10153108.0,504380,10/10/2022 20:35,801730,Land Rover,Range Rover,1,0,,0
10057825.0,502006,10/10/2022 21:40,802622,Jeep,Wrangler,0,0,,316
10136731.0,526802,10/10/2022 23:13,800366,Ram,1500,0,0,,122
10208872.0,501952,10/14/2022 13:22,800794,Hyundai,Veloster,1,0,,891
10278304.0,505242,10/12/2022 1:18,801180,Hyundai,Veloster,1,0,,778
10023865.0,520370,10/11/2022 1:22,800252,Hyundai,Veloster,0,1,0.102,439
10240402.0,519414,10/11/2022 18:21,800206,Tesla,Model 3,1,0,,521
10293106.0,502808,10/11/2022 8:59,802226,Mercedes-Benz,GLC,1,1,0.16,270
10249912.0,500942,10/20/2022 0:38,800490,BMW,3 Series,0,0,,1182
10193305.0,521818,10/13/2022 17:08,800932,Ford,Escape,0,0,,571
10248247.0,505540,10/12/2022 19:58,801258,Land Rover,Range Rover,0,1,0.105,74
10082203.0,500402,10/11/2022 21:08,801916,Toyota,Corolla,1,0,,932
10091320.0,506894,10/11/2022 23:52,800590,Toyota,RAV4,0,0,,825
10236703.0,522998,10/12/2022 1:10,801484,Land Rover,Range Rover,0,0,,666
10218655.0,525658,10/12/2022 7:35,801530,Ford,Fusion,0,0,,1650
10035283.0,514148,10/24/2022 21:53,802154,Subaru,Forester,0,0,,604
10242613.0,519992,10/12/2022 13:00,800480,Subaru,WRX,0,1,0.103,1456
10024234.0,500768,10/12/2022 20:40,801512,Toyota,Corolla,0,0,,1540
10257064.0,509400,10/12/2022 18:14,800354,BMW,X3,0,0,,16
10051825.0,526452,10/12/2022 23:39,801154,Subaru,Forester,1,1,0.139,41
10041439.0,504726,10/13/2022 2:14,801078,Chevrolet,Camaro,0,0,,1253
10249615.0,504382,10/12/2022 19:40,802230,Ford,F-150,0,1,0.146,36
10262644.0,518936,10/12/2022 20:06,802310,Jeep,Wrangler,0,0,,369
10258339.0,523810,10/12/2022 22:15,800628,Ford,Escape,0,1,0.148,847
10285777.0,503546,10/12/2022 21:51,801540,Honda,Civic,1,1,0.109,951
10092865.0,503588,10/20/2022 3:46,800010,Subaru,WRX,0,0,,1493
10114996.0,511188,10/13/2022 2:40,801216,Nissan,Sentra,0,0,,1063
10217356.0,506624,10/16/2022 16:52,800640,Chevrolet,Equinox,0,0,,425
10192048.0,525820,10/13/2022 3:33,800854,Mercedes-Benz,GLE,0,0,,793
10166572.0,502084,10/20/2022 19:22,800752,Land Rover,Range Rover,1,0,,0
10279231.0,501856,10/28/2022 22:32,801526,Toyota,Tacoma,0,1,0.029,0
10228702.0,526838,10/25/2022 5:45,800750,Toyota,RAV4,0,0,,71
10244674.0,518398,10/13/2022 15:59,802192,Honda,CR-V,0,0,,682
10066459.0,522280,10/13/2022 15:51,800530,Mercedes-Benz,GLE,0,1,0.112,162
10188688.0,525550,10/15/2022 13:43,802224,Chevrolet,Equinox,0,0,,988
10071328.0,500306,10/26/2022 21:47,802482,Honda,CR-V,0,0,,519
10070692.0,503936,10/13/2022 22:03,801702,Nissan,Leaf,0,0,,934
10029769.0,506522,10/13/2022 21:32,800514,Hyundai,Sonata,0,0,,1287
10146643.0,507136,10/17/2022 16:40,801926,Honda,Civic,1,1,0.042,14
10076455.0,526756,10/24/2022 14:11,800994,Mercedes-Benz,GLC,0,0,,756
10038634.0,515890,10/16/2022 1:06,800864,BMW,5 Series,1,0,,146
10235980.0,524892,10/24/2022 0:27,801590,Porsche,Panamera,0,1,0.151,684
10068634.0,510128,10/26/2022 14:26,800150,Tesla,Model 3,0,0,,1286
10218709.0,512270,10/21/2022 18:52,801008,Hyundai,Veloster,1,1,0.076,179
10009987.0,518288,10/23/2022 22:52,801156,Tesla,Model S,0,1,0.04,1030
10221685.0,512548,10/20/2022 18:50,801376,Ford,Fusion,0,0,,1810
10218982.0,509060,10/24/2022 19:35,800944,Hyundai,Veloster,1,1,0.063,265
10127302.0,505856,10/14/2022 19:42,802366,Ford,Escape,0,0,,195
10052980.0,523136,10/14/2022 20:32,801840,Ford,Escape,0,0,,98
10014400.0,527782,10/20/2022 18:12,801964,Toyota,Corolla,0,0,,1669
10262590.0,504170,10/21/2022 17:21,800888,Ford,Mustang,0,1,0.157,786
10189675.0,515574,10/19/2022 19:35,801970,Tesla,Model 3,1,0,,132
10013323.0,505406,11/5/2022 17:27,800034,Ram,1500,0,0,,375
10028236.0,500428,10/17/2022 18:15,802268,Hyundai,Veloster,1,0,,243
10168012.0,501516,10/25/2022 19:01,800664,Ford,Mustang,0,0,,24
10134334.0,520272,10/29/2022 15:00,800346,Porsche,Panamera,0,0,,1454
10168207.0,501936,10/16/2022 19:46,801094,Chevrolet,Silverado,0,0,,18
10180006.0,517572,10/19/2022 13:48,800062,Volkswagen,Passat,0,1,0.152,1294
10259428.0,520584,10/16/2022 20:04,802384,Ford,Fusion,1,0,,322
10183570.0,507304,10/16/2022 22:16,802404,Audi,A4,0,0,,456
10032796.0,512164,10/18/2022 13:08,800826,Chevrolet,Camaro,0,0,,1050
10264519.0,511998,10/22/2022 19:38,800316,Honda,CR-V,0,1,0.109,375
10136980.0,509526,10/17/2022 0:10,800700,Toyota,Corolla,0,0,,1008
10241968.0,512514,10/17/2022 0:51,801414,Chevrolet,Camaro,0,0,,402
10182970.0,505732,10/18/2022 22:58,802092,Ford,Escape,0,0,,488
10216045.0,510370,11/1/2022 22:43,802282,Honda,CR-V,1,0,,151
10234618.0,508112,10/19/2022 15:36,802350,Toyota,Corolla,0,0,,1707
10044529.0,511658,10/21/2022 18:11,802216,BMW,3 Series,0,0,,802
10086976.0,510556,10/17/2022 15:06,801140,Audi,A4,0,0,,1040
10119661.0,526030,10/22/2022 16:23,800506,Volkswagen,Beetle,1,1,0.028,0
10006615.0,522702,10/17/2022 19:16,800798,Mercedes-Benz,GLC,0,0,,732
10205980.0,521060,10/20/2022 18:43,800632,Honda,CR-V,1,1,0.108,0
10198195.0,509498,10/26/2022 12:12,800304,Ford,Escape,0,0,,0
10074508.0,517926,10/29/2022 16:22,800280,Nissan,Titan,1,0,,81
10250593.0,509918,10/19/2022 17:10,802460,Honda,Civic,0,0,,1952
10163554.0,505826,10/18/2022 13:08,802562,Honda,HR-V,1,0,,41
10251250.0,527442,10/20/2022 15:18,802408,Tesla,Model S,0,0,,1014
10201321.0,506212,10/18/2022 14:46,800696,Honda,HR-V,0,1,0.149,251
10086220.0,525066,10/18/2022 20:17,802534,Subaru,WRX,0,1,0.081,573
10113886.0,511640,10/24/2022 15:37,802608,Mercedes-Benz,GLC,0,0,,1305
10291981.0,516212,10/23/2022 19:06,800092,Tesla,Model S,1,0,,50
10122487.0,513688,10/18/2022 22:54,802692,Mercedes-Benz,GLE,1,0,,56
10018024.0,507210,10/30/2022 20:13,802486,Hyundai,Sonata,0,0,,1176
10025311.0,512594,10/21/2022 19:23,802218,Chevrolet,Silverado,0,0,,392
10235929.0,515086,10/29/2022 18:35,802042,Hyundai,Veloster,1,0,,76
10077097.0,522846,10/25/2022 1:55,802278,Tesla,Model 3,0,0,,1317
10034599.0,518566,10/24/2022 19:25,801336,Honda,HR-V,0,1,0.013,87
10097209.0,507870,11/2/2022 21:57,802034,Mercedes-Benz,GLC,1,0,,360
10134946.0,506452,10/19/2022 21:32,800264,Toyota,Tacoma,0,0,,47
10147288.0,521660,10/20/2022 22:23,801288,Ford,Mustang,0,1,0.074,337
10063081.0,524644,10/27/2022 19:48,801208,Nissan,Sentra,0,0,,1850
10001710.0,500770,10/24/2022 2:47,800954,Toyota,Tacoma,0,0,,696
10259446.0,525628,10/24/2022 15:30,802490,Hyundai,Veloster,0,0,,746
10277662.0,500450,10/21/2022 15:29,800692,Hyundai,Veloster,0,0,,410
10225087.0,511808,10/27/2022 12:53,802166,Nissan,Titan,0,1,0.109,373
10194034.0,527462,10/21/2022 20:29,802394,Mercedes-Benz,S-Class,0,0,,868
10020223.0,521270,10/23/2022 2:11,800754,Tesla,Model 3,1,1,0.147,1340
10083646.0,509884,10/20/2022 22:58,800462,Porsche,911,0,0,,1200
10230943.0,506816,10/21/2022 0:15,800380,Honda,Civic,0,0,,755
10045087.0,508650,10/23/2022 14:33,800098,Honda,HR-V,0,0,,414
10018009.0,500136,10/21/2022 19:18,801822,Chevrolet,Camaro,1,0,,148
10117258.0,507204,10/21/2022 12:13,802378,Chevrolet,Equinox,0,0,,953
10297426.0,509506,10/21/2022 22:52,800228,Tesla,Model 3,1,0,,0
10159552.0,526618,10/30/2022 18:44,800044,Mercedes-Benz,GLE,0,0,,295
10013002.0,506526,10/27/2022 14:26,800766,Nissan,Titan,0,0,,0
10194973.0,520820,11/3/2022 14:33,801226,Ford,Mustang,0,0,,941
10117702.0,502444,10/21/2022 15:23,801862,Audi,Q3,1,1,0.092,221
10013191.0,527966,10/22/2022 20:02,801190,BMW,3 Series,0,0,,1336
10068751.0,500886,10/29/2022 2:43,802588,Honda,CR-V,0,1,0.148,1210
10083049.0,500570,10/25/2022 17:17,800666,Volkswagen,Passat,0,0,,1684
10032553.0,512032,10/26/2022 19:17,801328,Volkswagen,Beetle,1,1,0.057,105
10273303.0,510634,10/21/2022 21:11,800654,Chevrolet,Equinox,1,0,,0
10128898.0,506190,10/24/2022 16:04,800500,Ram,1500,1,0,,140
10068196.0,515076,10/29/2022 17:13,801086,BMW,5 Series,0,0,,367
10167937.0,516952,10/22/2022 0:38,801034,Hyundai,Veloster,1,0,,342
10035946.0,524080,10/25/2022 1:25,801006,BMW,5 Series,0,0,,1689
10275760.0,516856,10/29/2022 12:45,802564,Mercedes-Benz,GLE,0,0,,738
10188394.0,520078,10/26/2022 21:46,800892,Mercedes-Benz,E-Class,0,0,,1824
10055134.0,506494,10/31/2022 19:30,801966,Hyundai,Veloster,0,1,0.025,486
10134811.0,517808,10/26/2022 13:41,801942,Honda,Civic,0,0,,1789
10028389.0,524086,11/3/2022 16:24,802184,Subaru,Forester,1,0,,57
10157497.0,507552,10/24/2022 20:38,800508,Nissan,Sentra,0,0,,20
10233358.0,506992,10/22/2022 17:23,801404,Subaru,Forester,0,0,,99
10113814.0,522504,10/28/2022 18:25,800468,Audi,A6,0,1,0.138,1347
10106989.0,512646,10/28/2022 13:48,801570,Tesla,Model 3,1,0,,1809
10203997.0,512462,10/23/2022 23:52,802586,Mercedes-Benz,GLE,0,0,,679
10045255.0,513550,10/30/2022 17:21,800376,Audi,A4,0,1,0.079,990
10249150.0,509500,10/25/2022 5:38,801060,Toyota,Corolla,1,0,,1211
10258108.0,515150,10/22/2022 20:51,801202,Jeep,Wrangler,0,0,,1004
10080649.0,512688,10/29/2022 17:19,800834,Jeep,Wrangler,0,0,,318
10019926.0,522118,10/24/2022 20:37,800966,Chevrolet,Silverado,0,0,,508
10229974.0,524452,10/22/2022 22:59,801236,Chevrolet,Silverado,0,0,,430
10125430.0,519730,10/22/2022 23:47,801798,Audi,Q3,0,1,0.09,439
10064671.0,507576,10/25/2022 17:43,800478,Hyundai,Sonata,1,1,0.078,14
10253578.0,512600,10/23/2022 3:21,800162,Hyundai,Veloster,1,0,,223
10182850.0,516888,11/10/2022 14:54,802134,Nissan,Leaf,1,1,0.16,568
10147213.0,523218,10/23/2022 17:23,800476,Audi,Q3,1,1,0.146,0
10254649.0,526862,10/31/2022 19:09,801852,Ram,1500,0,0,,620
10076584.0,513444,10/23/2022 20:18,800186,Ford,Escape,1,0,,0
10176013.0,503838,10/23/2022 21:53,800008,BMW,X3,0,1,0.082,468
10125394.0,521094,10/24/2022 20:32,801882,Nissan,Titan,0,0,,449
10236016.0,527384,10/31/2022 20:30,801476,Porsche,911,0,0,,1120
10104388.0,511692,10/23/2022 23:01,800022,Toyota,Tacoma,0,0,,536
10065340.0,521766,10/24/2022 0:25,801102,Volkswagen,Passat,0,0,,992
10020010.0,514184,10/24/2022 8:17,801896,Mercedes-Benz,GLC,0,0,,899
10162180.0,527058,10/27/2022 0:40,802502,Nissan,Sentra,0,0,,433
10218754.0,522548,10/24/2022 18:52,801398,Audi,Q3,0,0,,476
10232134.0,523932,10/26/2022 14:26,800118,Chevrolet,Equinox,0,0,,432
10015243.0,513202,10/26/2022 17:55,802028,Chevrolet,Malibu,0,0,,1294
10023364.0,526538,10/24/2022 21:05,800830,Ford,Escape,0,0,,760
10080517.0,520108,10/24/2022 20:36,800320,Hyundai,Sonata,0,0,,162
10163131.0,515138,10/29/2022 17:50,800178,Hyundai,Veloster,1,0,,24
10025860.0,500648,10/26/2022 20:21,800456,Nissan,Sentra,0,0,,665
10047166.0,519088,10/26/2022 23:11,800538,Honda,HR-V,1,0,,2
10134370.0,500944,10/31/2022 19:24,802048,Hyundai,Veloster,0,0,,326
10223446.0,511484,10/25/2022 4:57,800222,Porsche,Panamera,1,1,0.07,17
10105558.0,515104,11/1/2022 19:21,801184,Mercedes-Benz,GLE,0,0,,605
10005307.0,511542,10/25/2022 7:10,801310,Audi,Q3,0,0,,456
10121458.0,526290,10/25/2022 7:53,801608,Nissan,Sentra,0,1,0.107,1247
10289689.0,524512,10/25/2022 14:58,800586,Ford,F-150,0,0,,295
10287160.0,513098,10/26/2022 12:13,802020,Mercedes-Benz,GLC,0,0,,648
10173802.0,520822,10/29/2022 17:41,802578,Hyundai,Sonata,0,0,,1467
10156390.0,501398,10/28/2022 0:38,802086,Audi,A4,1,0,,487
10105963.0,501674,11/7/2022 18:35,802324,Tesla,Model 3,1,0,,0
10011190.0,511562,10/25/2022 22:06,802580,Chevrolet,Equinox,0,0,,447
10245286.0,508988,10/29/2022 13:06,800822,Toyota,Corolla,1,1,0.141,710
10088965.0,514912,10/27/2022 13:23,800396,Toyota,Corolla,0,0,,1303
10019299.0,505392,10/27/2022 23:03,801582,Chevrolet,Equinox,0,0,,790
10056769.0,518530,10/31/2022 2:04,801804,Chevrolet,Camaro,0,1,0.117,293
10249999.0,511732,10/28/2022 15:29,802636,BMW,3 Series,0,0,,1045
10264084.0,518390,10/26/2022 5:41,802548,Mercedes-Benz,GLE,1,1,0.065,18
10238137.0,521588,10/29/2022 19:39,800200,Chevrolet,Equinox,1,0,,0
10042588.0,522308,11/1/2022 18:17,802088,Audi,A6,0,0,,187
10202449.0,513290,11/3/2022 12:57,801124,Tesla,Model S,1,1,0.028,251
10038385.0,502734,10/26/2022 15:52,801740,Subaru,WRX,0,0,,1815
10018525.0,516048,10/31/2022 20:10,801136,Honda,CR-V,0,1,0.033,3
10240315.0,502546,10/27/2022 12:27,801272,Tesla,Model S,1,1,0.021,374
10256044.0,524844,10/30/2022 19:22,801858,BMW,3 Series,0,0,,1450
10120642.0,523466,10/26/2022 21:46,801100,Audi,A6,0,0,,556
10054831.0,506188,10/27/2022 15:21,802174,Toyota,Corolla,0,0,,363
10026007.0,524276,11/2/2022 23:43,801242,Subaru,WRX,0,0,,1598
10154716.0,527176,10/26/2022 20:18,801682,Nissan,Sentra,0,0,,984
10145569.0,520478,10/26/2022 22:03,800146,Jeep,Wrangler,0,0,,362
10203478.0,523742,10/29/2022 14:53,800128,Mercedes-Benz,S-Class,0,1,0.139,676
10288801.0,506574,10/28/2022 18:24,800100,Chevrolet,Equinox,0,1,0.087,769
10239796.0,515056,10/26/2022 22:55,801536,Chevrolet,Malibu,0,0,,1171
10034392.0,513220,10/26/2022 23:05,801482,Hyundai,Veloster,1,1,0.051,118
10179394.0,508284,10/27/2022 17:08,800740,Honda,Civic,1,1,0.056,333
10009531.0,500082,10/27/2022 17:08,801634,Chevrolet,Malibu,0,1,0.068,481
10120576.0,511218,10/30/2022 15:38,800024,Chevrolet,Camaro,0,0,,1025
10205875.0,521096,11/12/2022 14:04,801524,Tesla,Model 3,1,1,0.137,117
10016992.0,514000,10/27/2022 0:32,801446,Subaru,WRX,0,0,,1453
10164232.0,507922,10/27/2022 1:58,801110,Honda,CR-V,0,0,,951
10041754.0,505488,11/7/2022 14:05,802626,Volkswagen,Beetle,0,0,,995
10133932.0,500704,10/27/2022 17:50,800996,Tesla,Model 3,1,1,0.069,307
10006648.0,506234,10/27/2022 14:06,801172,Mercedes-Benz,GLC,1,0,,1441
10186042.0,516200,10/30/2022 15:10,802000,Honda,CR-V,0,0,,0
10144717.0,512308,10/27/2022 15:28,801564,Toyota,Corolla,0,1,0.057,526
10267552.0,514780,11/8/2022 23:34,801428,Nissan,Sentra,0,1,0.079,643
10079755.0,517320,11/1/2022 13:30,800122,Tesla,Model 3,1,0,,1395
10009525.0,514714,11/3/2022 3:34,801746,Honda,HR-V,0,0,,834
10089253.0,508182,10/28/2022 17:37,800786,Mercedes-Benz,GLC,0,0,,661
10177966.0,516448,10/28/2022 16:44,800452,BMW,3 Series,0,0,,588
10167124.0,513068,11/5/2022 13:29,801046,Audi,Q3,1,0,,129
10010941.0,509166,10/30/2022 22:30,800564,Hyundai,Veloster,0,0,,288
10044685.0,507798,10/28/2022 18:48,801752,Chevrolet,Malibu,1,1,0.13,511
10204741.0,513218,11/4/2022 21:37,802654,Honda,Civic,1,0,,244
10140361.0,516500,10/31/2022 23:26,800886,Tesla,Model 3,1,0,,198
10094671.0,514956,10/28/2022 6:41,801912,Mercedes-Benz,GLE,0,0,,310
10190926.0,518720,10/29/2022 1:41,800318,Porsche,911,0,0,,826
10297159.0,507566,10/29/2022 20:54,801644,Audi,A4,0,0,,1169
10090951.0,513940,10/30/2022 16:56,801556,Jeep,Wrangler,0,0,,515
10296766.0,511518,10/28/2022 15:39,800810,Hyundai,Veloster,1,0,,498
10054444.0,506778,11/4/2022 19:39,801502,BMW,3 Series,0,1,0.085,869
10101058.0,501384,10/28/2022 15:42,801680,Hyundai,Veloster,1,0,,0
10162336.0,510100,10/29/2022 12:51,800518,Nissan,Sentra,0,1,0.106,1273
10207141.0,525724,10/29/2022 0:31,801786,Tesla,Model S,0,0,,940
10275229.0,526674,10/28/2022 18:22,802510,Subaru,Forester,0,1,0.021,587
10060201.0,504668,10/28/2022 19:27,800454,Ford,F-150,1,0,,143
10199314.0,511208,10/28/2022 19:54,800064,Ford,F-150,1,0,,0
10015225.0,510748,10/29/2022 17:32,800950,BMW,3 Series,0,0,,1665
10197514.0,521652,10/29/2022 0:15,800708,Chevrolet,Camaro,0,0,,848
10111972.0,504468,10/29/2022 1:40,801946,Chevrolet,Camaro,0,1,0.099,1008
10116712.0,527562,10/30/2022 21:09,802194,Chevrolet,Equinox,0,1,0.091,935
10158283.0,503660,10/29/2022 1:00,801824,Toyota,Tacoma,0,0,,401
10026421.0,520706,10/29/2022 0:16,802018,Subaru,Forester,0,0,,659
10141270.0,520846,10/29/2022 1:10,800310,Toyota,Tacoma,0,0,,682
10101586.0,524908,10/29/2022 23:01,802136,Volkswagen,Beetle,0,0,,62
10294174.0,510226,11/1/2022 0:13,802382,Hyundai,Veloster,1,1,0.022,0
10082335.0,527672,10/29/2022 4:21,800188,Nissan,Sentra,0,1,0.129,1051
10017148.0,503512,10/29/2022 10:45,801950,Land Rover,Range Rover,0,0,,303
10084576.0,520550,10/29/2022 15:20,802026,Honda,CR-V,0,0,,753
10151296.0,513058,10/29/2022 21:25,800548,Hyundai,Veloster,1,0,,1146
10204294.0,500372,11/10/2022 17:12,801890,Mercedes-Benz,GLC,0,0,,805
10165201.0,511254,10/29/2022 17:55,801198,Tesla,Model S,0,0,,558
10153831.0,525344,11/7/2022 18:54,801726,Tesla,Model S,0,0,,1177
10202644.0,517010,11/12/2022 23:16,800604,Audi,A6,0,0,,683
10286569.0,502206,10/29/2022 18:58,802650,Porsche,Panamera,0,0,,1576
10153369.0,525004,10/29/2022 22:24,801366,Jeep,Wrangler,1,0,,0
10171753.0,503470,11/3/2022 16:30,801392,Chevrolet,Equinox,0,1,0.144,757
10062955.0,514908,10/30/2022 13:58,802474,Hyundai,Sonata,1,1,0.138,372
10275502.0,508684,10/31/2022 20:20,800726,Toyota,Tacoma,0,0,,130
10204150.0,519444,11/8/2022 18:29,801430,Mercedes-Benz,GLC,1,0,,381
10262860.0,501074,10/30/2022 16:06,800992,Porsche,911,1,0,,485
10209922.0,525946,10/31/2022 3:08,801418,Honda,HR-V,0,0,,748
10019545.0,504592,10/30/2022 18:41,801024,Honda,HR-V,0,0,,390
10190263.0,516510,10/30/2022 19:07,802038,Land Rover,Range Rover,0,1,0.089,210
10243558.0,501214,11/3/2022 14:37,801002,Mercedes-Benz,GLC,0,1,0.06,654
10118860.0,525900,10/30/2022 19:32,801322,Toyota,Tacoma,0,0,,610
10096942.0,519998,11/4/2022 18:46,800054,Volkswagen,Beetle,0,0,,135
10004794.0,507040,11/2/2022 20:01,800884,Chevrolet,Equinox,1,0,,142
10014505.0,507478,11/3/2022 16:28,801440,Hyundai,Sonata,0,0,,1396
10287493.0,507260,11/2/2022 19:12,802610,Honda,Civic,0,0,,1166
10144216.0,503342,10/31/2022 17:26,802240,Ford,F-150,0,1,0.078,282
10038508.0,500638,10/31/2022 0:41,800804,Volkswagen,Beetle,0,1,0.149,1228
10115155.0,503124,11/3/2022 17:50,800594,Hyundai,Sonata,0,1,0.067,439
10151491.0,511606,10/31/2022 2:10,801868,Chevrolet,Equinox,0,1,0.098,578
10043446.0,513624,10/31/2022 5:54,800242,Subaru,WRX,1,0,,614
10059577.0,522936,10/31/2022 14:19,801664,Nissan,Sentra,0,0,,1468
10021084.0,517682,10/31/2022 14:25,800284,BMW,3 Series,1,0,,1038
10105756.0,513722,11/1/2022 14:19,802254,Chevrolet,Silverado,0,1,0.092,372
10194196.0,508354,11/9/2022 19:05,802430,Mercedes-Benz,GLC,1,0,,542
10003708.0,517544,11/1/2022 13:59,800006,Ram,1500,0,0,,562
10213075.0,514596,11/3/2022 23:01,801910,Hyundai,Veloster,1,0,,583
10034482.0,501762,10/31/2022 20:23,802400,Hyundai,Veloster,0,1,0.046,1592
10112188.0,511580,10/31/2022 19:59,801706,Jeep,Wrangler,0,1,0.05,130
10001587.0,519650,11/4/2022 22:25,800072,Tesla,Model S,1,1,0.012,217
10074142.0,515314,10/31/2022 21:20,802272,Ford,Mustang,0,0,,429
10148455.0,520330,10/31/2022 21:36,801114,Audi,Q3,0,0,,782
10022227.0,509282,11/2/2022 21:43,802488,Toyota,Corolla,1,0,,556
10069438.0,516692,10/31/2022 23:23,801898,Ford,F-150,0,0,,311
10043827.0,514178,11/2/2022 17:49,801870,Chevrolet,Equinox,1,0,,226
10054018.0,521132,11/1/2022 19:07,800686,Chevrolet,Malibu,0,0,,1220
10165648.0,522968,11/11/2022 13:11,801758,Land Rover,Range Rover,0,0,,631
10061665.0,520540,11/1/2022 19:06,801938,Audi,Q3,0,0,,279
10253329.0,501748,11/2/2022 18:55,800298,BMW,X3,0,0,,375
10141444.0,504458,11/2/2022 15:58,802140,Tesla,Model 3,0,0,,1603
10263166.0,505898,11/2/2022 1:13,801338,Ford,F-150,0,0,,358
10018738.0,523016,11/8/2022 18:23,800576,Jeep,Wrangler,0,0,,186
10124068.0,513798,11/12/2022 15:40,800334,Hyundai,Sonata,1,1,0.035,58
10133635.0,507886,11/3/2022 19:28,800606,Mercedes-Benz,E-Class,0,1,0.031,1370
10102051.0,510348,11/2/2022 16:02,802466,Ford,Fusion,1,0,,263
10152238.0,507524,11/2/2022 19:10,801914,Nissan,Titan,0,1,0.133,349
10030534.0,524162,11/3/2022 19:59,800102,Ford,Mustang,0,0,,1203
10266628.0,511594,11/3/2022 22:14,801300,Chevrolet,Equinox,0,0,,881
10254955.0,505290,11/2/2022 19:47,800918,BMW,5 Series,0,0,,1453
10167802.0,515912,11/2/2022 20:04,800368,Hyundai,Veloster,1,0,,217
10154113.0,517116,11/10/2022 21:10,802544,Nissan,Sentra,0,0,,1655
10150435.0,510762,11/2/2022 21:31,801436,Nissan,Titan,0,0,,0
10180384.0,517004,11/11/2022 0:50,800596,Tesla,Model 3,1,0,,572
10297381.0,506158,11/10/2022 15:48,801386,Tesla,Model 3,1,0,,567
10047403.0,502920,11/3/2022 2:25,802326,Nissan,Sentra,0,0,,613
10039807.0,500622,11/3/2022 21:24,801106,Subaru,WRX,1,0,,226
10144294.0,504902,11/3/2022 17:23,801566,Jeep,Wrangler,0,0,,539
10185754.0,512358,11/13/2022 17:09,800902,Volkswagen,Beetle,1,0,,552
10200784.0,509280,11/3/2022 16:10,801048,Ford,F-150,0,0,,255
10010059.0,501994,11/4/2022 13:50,801648,Audi,Q3,0,0,,444
10227913.0,522832,11/6/2022 20:39,800846,Tesla,Model 3,1,0,,721
10053457.0,523384,11/3/2022 17:30,802296,Audi,Q3,0,0,,166
10193317.0,501434,11/3/2022 18:29,800920,Hyundai,Veloster,1,0,,945
10186666.0,508656,11/9/2022 0:45,802504,Hyundai,Veloster,1,1,0.039,0
10175893.0,512492,11/10/2022 23:28,801486,Porsche,911,0,0,,402
10005958.0,516668,11/7/2022 21:57,802114,Honda,Civic,1,1,0.1,427
10116784.0,518874,11/10/2022 22:18,800660,Honda,Civic,1,0,,1473
10199458.0,513494,11/11/2022 15:59,802396,Ford,Fusion,0,0,,1553
10293820.0,520458,11/10/2022 16:58,800360,Chevrolet,Camaro,1,0,,248
10281058.0,525762,11/18/2022 0:50,800814,Toyota,Tacoma,0,0,,611
10143469.0,516558,11/5/2022 13:49,800550,Mercedes-Benz,E-Class,0,1,0.105,965
10221613.0,521374,11/7/2022 20:45,800570,Hyundai,Sonata,0,0,,1740
10007203.0,504036,11/7/2022 19:50,801460,Nissan,Leaf,0,0,,1621
10105615.0,522472,11/11/2022 16:07,802172,Chevrolet,Camaro,1,0,,473
10060192.0,515826,11/5/2022 23:45,801210,Ford,Fusion,1,1,0.038,5
10000948.0,517334,11/9/2022 20:22,800758,Nissan,Sentra,0,0,,333
10055518.0,503422,11/7/2022 14:59,802280,Mercedes-Benz,GLC,1,1,0.145,62
10013344.0,526456,11/11/2022 17:26,800286,Honda,Civic,0,0,,1355
10180003.0,514818,11/18/2022 13:51,801494,Toyota,Corolla,1,1,0.135,460
10280602.0,510760,11/12/2022 15:44,802370,Chevrolet,Camaro,0,0,,657
10263232.0,502342,11/7/2022 5:07,801764,Jeep,Wrangler,1,0,,11
10141312.0,511552,11/8/2022 22:39,801014,Subaru,Forester,0,0,,542
10174525.0,500576,11/7/2022 14:17,800738,Hyundai,Veloster,1,0,,292
10269706.0,501518,11/7/2022 14:32,800340,Hyundai,Veloster,0,0,,1483
10083157.0,526964,11/7/2022 19:27,802590,Chevrolet,Malibu,0,0,,971
10185748.0,516032,11/11/2022 1:13,800378,Ford,Fusion,0,0,,1942
10014694.0,520502,11/13/2022 14:44,801084,BMW,3 Series,0,0,,1456
10207189.0,524434,11/10/2022 16:53,801298,BMW,3 Series,0,1,0.154,854
,506790,11/11/2022 14:33,800734,Ram,1500,1,0,,237
10259581.0,523236,11/7/2022 20:22,801934,Toyota,Tacoma,0,0,,675
10244779.0,502484,11/7/2022 21:18,800546,Mercedes-Benz,S-Class,0,1,0.099,700
10048432.0,526606,11/9/2022 23:15,800120,Ram,1500,0,0,,328
10062403.0,523026,11/17/2022 17:18,801166,Toyota,Corolla,0,0,,1143
10236634.0,517350,11/8/2022 2:09,802688,Audi,Q3,0,1,0.028,61
10055467.0,505308,11/18/2022 21:49,800866,Porsche,Panamera,0,0,,214
10068310.0,514196,11/8/2022 18:46,801382,Volkswagen,Beetle,0,1,0.089,1231
10038340.0,527016,11/8/2022 23:37,800420,Ford,F-150,0,0,,558
10282114.0,509560,11/10/2022 17:43,801332,Honda,HR-V,1,0,,70
10242499.0,523294,11/9/2022 1:01,800168,BMW,5 Series,1,1,0.089,732
10234831.0,518214,11/9/2022 3:40,800806,Subaru,WRX,1,1,0.089,348
10113724.0,504518,11/9/2022 17:46,800862,NIssan,Titan,0,0,,40
10142638.0,520438,11/19/2022 15:12,800922,Chevrolet,Camaro,1,0,,28
10010143.0,517118,11/11/2022 1:13,802570,Ford,F-150,0,1,0.015,0
10011628.0,518036,11/10/2022 14:58,800414,Tesla,Model 3,0,0,,2214
10134142.0,524726,11/10/2022 18:05,801304,Honda,HR-V,0,0,,429
10124599.0,526586,11/11/2022 21:29,800244,Hyundai,Veloster,0,0,,337
10065745.0,501892,11/11/2022 1:22,800302,Chevrolet,Malibu,0,0,,1192
10149553.0,501150,11/10/2022 5:08,801630,BMW,5 Series,1,0,,1047
10040959.0,505346,12/10/2022 18:35,801892,Honda,CR-V,0,0,,1144
10025602.0,509896,11/10/2022 15:31,802658,BMW,5 Series,1,0,,177
10262848.0,509842,11/10/2022 16:36,801012,Tesla,Model S,1,0,,513
10252906.0,508120,11/10/2022 19:00,800204,Jeep,Wrangler,0,0,,477
10014376.0,511438,11/12/2022 21:42,800402,Toyota,RAV4,0,0,,693
10127389.0,507876,11/13/2022 16:05,800412,Nissan,Titan,0,0,,307
10238908.0,507306,11/12/2022 22:06,800078,Volkswagen,Beetle,0,0,,353
,505820,11/10/2022 23:34,802670,Subaru,WRX,0,0,,1814
10066999.0,522128,11/10/2022 21:56,801056,Toyota,RAV4,0,0,,893
10100767.0,516786,11/11/2022 0:44,800248,Porsche,Panamera,1,0,,581
10211185.0,513136,11/18/2022 15:11,800698,Ford,F-150,0,1,0.109,420
10016266.0,514008,11/11/2022 0:52,802604,Hyundai,Veloster,1,0,,342
10144033.0,526652,11/11/2022 19:38,801936,Nissan,Sentra,0,0,,1532
10010041.0,500636,11/11/2022 1:55,802556,Chevrolet,Equinox,0,0,,717
10255369.0,502354,11/12/2022 1:57,801592,Chevrolet,Silverado,0,0,,422
10120879.0,513342,11/11/2022 5:18,800890,Subaru,WRX,0,0,,1533
10251286.0,510756,11/11/2022 5:10,802386,Subaru,WRX,1,0,,21
10297405.0,519408,11/17/2022 19:13,802426,Honda,Civic,0,0,,1461
10156315.0,519326,11/11/2022 14:16,801294,Subaru,Forester,0,1,0.223,1329
10019257.0,513286,11/17/2022 18:27,802180,Chevrolet,Silverado,0,0,,443
10292581.0,512616,11/11/2022 21:39,801622,Audi,Q3,1,0,,103
10170721.0,516612,11/11/2022 22:14,802292,Ram,1500,0,0,,57
10048708.0,501768,11/12/2022 15:52,802652,Mercedes-Benz,E-Class,0,0,,1807
10295983.0,507382,11/18/2022 16:17,802220,Nissan,Leaf,1,0,,385
10204483.0,518954,11/18/2022 14:10,800398,Hyundai,Veloster,1,0,,27
10192741.0,515276,11/18/2022 21:29,801246,Chevrolet,Malibu,0,0,,1128
10185610.0,523182,11/17/2022 17:11,801396,Subaru,WRX,0,0,,1610
10142260.0,507808,11/17/2022 19:36,801728,Chevrolet,Equinox,1,0,,527
10124455.0,505762,11/15/2022 0:50,802624,Audi,Q3,0,0,,613
10114969.0,506222,11/18/2022 17:13,801976,Ford,F-150,0,0,,281
10278226.0,521502,11/18/2022 14:34,801488,Honda,Civic,0,0,,1218
10035775.0,502958,11/18/2022 20:51,801560,Hyundai,Veloster,1,1,0.018,184
10226617.0,520346,11/17/2022 18:33,800760,Tesla,Model S,0,0,,875
10267435.0,509520,11/17/2022 20:38,801924,Chevrolet,Equinox,0,0,,249
10278724.0,503568,11/17/2022 21:53,801572,Ford,Mustang,0,1,0.049,0
10260508.0,500348,11/17/2022 19:01,801674,Nissan,Titan,0,0,,485
10119880.0,508480,11/18/2022 18:18,801422,Toyota,Corolla,0,0,,996
10075792.0,513902,11/17/2022 18:56,802360,Jeep,Wrangler,0,0,,84
10279948.0,527354,11/17/2022 18:38,800126,Audi,A4,0,0,,1152
10080091.0,507098,11/17/2022 18:46,800426,Ford,Fusion,0,1,0.062,1252
10194091.0,510496,11/18/2022 1:04,800742,Honda,CR-V,0,1,0.092,125
10003525.0,508082,12/6/2022 22:45,800224,Honda,CR-V,1,0,,0
10286500.0,522410,11/17/2022 18:09,800722,Hyundai,Veloster,0,0,,1950
10220455.0,526950,11/17/2022 17:29,801356,Nissan,Sentra,0,0,,769
10082440.0,518088,11/29/2022 15:53,800790,Ford,Escape,0,1,0.06,875
10101178.0,512440,11/17/2022 19:38,801058,Volkswagen,Passat,0,1,0.065,492
10092322.0,516408,11/17/2022 20:17,801842,Nissan,Sentra,0,0,,1729
10251931.0,505666,11/17/2022 16:48,801734,Chevrolet,Malibu,0,0,,964
10277410.0,520588,11/17/2022 16:38,801510,BMW,5 Series,0,0,,987
10218472.0,515728,11/17/2022 20:09,800974,Mercedes-Benz,GLC,0,0,,997
10079206.0,505874,11/17/2022 17:30,800956,Mercedes-Benz,GLE,0,1,0.026,241
10296355.0,513420,11/17/2022 19:14,801250,Mercedes-Benz,GLC,0,0,,470
10023619.0,517050,11/18/2022 0:14,802520,Nissan,Sentra,0,0,,248
10295740.0,502260,11/17/2022 21:04,800958,Toyota,Tacoma,0,0,,0
10225645.0,510802,11/18/2022 20:05,800642,Porsche,Panamera,0,0,,1945
10259971.0,525508,11/17/2022 21:06,800536,Ford,F-150,0,0,,329
10234693.0,515780,11/17/2022 22:03,801576,Hyundai,Veloster,0,0,,1754
10004863.0,504480,11/17/2022 21:54,802104,Nissan,Titan,1,0,,0
10110346.0,500300,11/26/2022 16:58,801130,Chevrolet,Equinox,1,0,,281
10293754.0,507536,11/20/2022 11:55,801222,Nissan,Sentra,0,1,0.1,1163
10025851.0,508554,11/18/2022 14:36,802014,Audi,A4,0,0,,154
10190887.0,520022,11/18/2022 1:30,800268,Nissan,Titan,0,0,,220
10122025.0,504964,11/18/2022 1:59,801818,Toyota,Tacoma,0,0,,0
10194952.0,516614,11/18/2022 4:26,802330,Chevrolet,Equinox,1,0,,249
10163737.0,505042,11/18/2022 12:59,801480,Land Rover,Range Rover,0,1,0.14,330
10260232.0,522542,11/18/2022 6:37,800370,Ford,Fusion,1,0,,450
10183888.0,521124,11/18/2022 16:48,801108,Ford,Escape,0,0,,1053
10288492.0,500270,11/18/2022 14:49,802462,Chevrolet,Malibu,0,0,,1431
10106971.0,517168,11/18/2022 15:28,801954,Jeep,Wrangler,0,0,,117
10055854.0,521896,11/18/2022 15:38,802678,Porsche,Panamera,0,0,,1177
10163227.0,501648,11/18/2022 17:38,802142,Honda,Civic,1,0,,32
10095325.0,510252,11/18/2022 18:59,801402,Chevrolet,Silverado,0,0,,395
10115302.0,525034,11/18/2022 18:02,800710,Hyundai,Veloster,0,0,,1948
10003762.0,505222,11/18/2022 18:21,802318,Hyundai,Veloster,1,1,0.012,160
10042249.0,526222,11/18/2022 19:24,800682,Volkswagen,Beetle,1,0,,122
10213210.0,515800,11/18/2022 20:44,801646,Toyota,Tacoma,0,0,,384
10114180.0,515784,11/18/2022 22:03,801606,Chevrolet,Silverado,0,0,,477
10175089.0,512212,11/18/2022 21:50,800578,Tesla,Model 3,1,1,0.139,336
10167715.0,512536,12/16/2022 16:25,802554,Ford,Escape,0,0,,0
10224400.0,500084,12/12/2022 20:46,801308,Audi,Q3,1,0,,22
10097422.0,515512,11/27/2022 16:59,802100,Hyundai,Veloster,1,0,,197
10037485.0,527750,12/15/2022 20:08,802582,Honda,CR-V,0,1,0.079,92
,507482,12/1/2022 16:42,801168,Audi,A4,0,0,,1337
10292206.0,518680,12/9/2022 22:38,800874,Toyota,Tacoma,0,1,0.13,270
10169245.0,522918,12/12/2022 20:44,801220,BMW,X3,0,1,0.02,47
10053898.0,513684,11/23/2022 17:19,802592,Honda,HR-V,0,0,,325
10285831.0,509454,12/7/2022 20:31,801252,Chevrolet,Equinox,0,0,,1071
10061758.0,525760,12/13/2022 1:44,800964,Chevrolet,Malibu,0,0,,777
10094701.0,525916,12/6/2022 16:53,801074,Tesla,Model S,0,0,,1478
10113505.0,520362,12/27/2022 21:11,802612,Subaru,Forester,0,0,,765
10112590.0,523452,12/4/2022 15:52,800928,BMW,5 Series,1,1,0.118,718
10005112.0,512062,12/5/2022 21:12,801832,Chevrolet,Equinox,0,1,0.028,0
10081918.0,506256,12/13/2022 2:43,802162,Toyota,Tacoma,0,1,0.135,256
10169518.0,527744,11/30/2022 17:15,800844,Subaru,WRX,0,0,,1675
10039993.0,520048,11/27/2022 15:53,802388,Porsche,Panamera,0,0,,1247
10165363.0,521998,11/27/2022 22:11,801174,Audi,A4,0,0,,394
10138591.0,519136,11/30/2022 20:30,802442,Toyota,Corolla,0,0,,1640
10098160.0,509850,12/8/2022 17:58,801340,Toyota,Tacoma,0,0,,298
10243396.0,515200,12/5/2022 15:35,800672,Hyundai,Sonata,0,0,,1441
10241011.0,521330,11/30/2022 0:20,801638,Ford,F-150,0,1,0.049,0
10281565.0,500116,12/12/2022 17:33,800292,Nissan,Titan,0,0,,1
10202674.0,515306,12/9/2022 16:14,801380,Hyundai,Veloster,0,0,,1545
10285906.0,524882,11/29/2022 19:59,800050,Honda,HR-V,0,1,0.118,504
10074802.0,523502,12/5/2022 9:45,801784,Jeep,Wrangler,1,0,,24
10029847.0,511508,12/7/2022 19:11,801548,Porsche,Panamera,0,0,,1669
10154095.0,517158,12/7/2022 19:33,802644,Ram,1500,0,0,,973
10224523.0,503810,12/9/2022 14:25,800306,Chevrolet,Malibu,1,0,,941
10159759.0,525748,12/2/2022 22:10,801596,Subaru,Forester,0,0,,1142
10091647.0,522646,12/7/2022 17:11,800968,Audi,A6,0,0,,1427
10154194.0,507236,12/6/2022 21:40,801558,Jeep,Wrangler,0,0,,244
10253308.0,517092,12/16/2022 9:15,801390,Chevrolet,Equinox,0,0,,1034
10226392.0,516644,12/6/2022 20:11,801718,Honda,CR-V,1,1,0.015,154
10263472.0,527558,12/4/2022 6:36,800470,Nissan,Sentra,0,0,,1471
10202143.0,518712,12/6/2022 2:41,802468,Honda,CR-V,0,0,,1339
10102858.0,517260,12/6/2022 22:29,801972,BMW,5 Series,0,0,,1443
10289173.0,522546,12/6/2022 18:39,800568,Chevrolet,Silverado,0,0,,369
10100254.0,509672,12/2/2022 23:04,802546,Tesla,Model 3,1,0,,311
10180300.0,505234,12/8/2022 14:48,802064,BMW,5 Series,1,1,0.087,0
10171180.0,505166,12/13/2022 23:13,800940,Mercedes-Benz,GLE,0,0,,826
10069186.0,518366,12/6/2022 0:15,800782,Audi,Q3,0,0,,135
10227682.0,501626,12/8/2022 16:03,801658,Toyota,RAV4,0,0,,0
10039591.0,515356,12/17/2022 15:45,800438,Toyota,Tacoma,0,1,0.128,120
10094200.0,514132,12/4/2022 14:56,801618,BMW,5 Series,0,0,,1511
10140985.0,509724,12/4/2022 2:02,800418,Nissan,Sentra,0,1,0.143,850
10243771.0,515518,12/5/2022 13:54,802006,Hyundai,Sonata,0,0,,194
10235596.0,527742,12/13/2022 19:08,801188,Toyota,Tacoma,0,0,,603
10247509.0,512172,12/13/2022 7:23,800598,Land Rover,Range Rover,0,1,0.232,1026
10191913.0,504692,12/6/2022 0:17,800086,Tesla,Model 3,1,0,,312
10021270.0,500562,12/5/2022 15:17,800676,Audi,Q3,0,1,0.066,388
10014094.0,527006,12/13/2022 22:36,802204,Nissan,Leaf,0,0,,195
10192657.0,508032,12/9/2022 15:27,800574,BMW,X3,0,0,,237
10239244.0,509094,12/6/2022 23:14,800976,Porsche,Panamera,0,1,0.04,293
10154323.0,506956,12/4/2022 22:46,802666,Audi,A6,1,0,,189
10088050.0,500642,12/5/2022 15:23,802362,BMW,5 Series,1,0,,937
10141702.0,527184,12/5/2022 14:52,800234,Hyundai,Sonata,0,0,,1229
10025167.0,522760,12/7/2022 15:48,801116,Tesla,Model S,1,0,,245
10115800.0,525518,12/8/2022 1:11,800816,Tesla,Model 3,0,0,,2164
10100071.0,516418,12/5/2022 17:00,800608,Ford,Escape,0,0,,682
10028755.0,522288,12/10/2022 18:56,802638,Porsche,911,1,0,,105
10209622.0,501340,12/5/2022 16:38,802340,Land Rover,Range Rover,0,1,0.072,145
10004449.0,527896,12/20/2022 13:39,801372,Chevrolet,Camaro,0,1,0.134,1085
10182931.0,515492,12/23/2022 19:16,800972,Hyundai,Veloster,1,1,0.092,1098
10294681.0,526732,12/11/2022 17:55,800384,Land Rover,Range Rover,0,0,,473
10269352.0,514342,12/9/2022 14:11,800372,Toyota,RAV4,0,1,0.037,0
10201678.0,519736,12/6/2022 2:09,800388,Hyundai,Sonata,0,0,,1510
10067767.0,519866,12/7/2022 0:39,801144,Nissan,Titan,0,1,0.022,230
10225108.0,522350,12/9/2022 5:58,800296,Nissan,Sentra,0,0,,1357
10080673.0,514930,12/6/2022 22:26,800210,Chevrolet,Silverado,0,0,,32
10036891.0,502674,12/12/2022 20:27,801072,Audi,Q3,0,1,0.238,1533
10163077.0,526322,12/6/2022 16:50,801968,Honda,CR-V,0,0,,735
10005367.0,502612,12/8/2022 14:59,801940,Toyota,Corolla,1,0,,569
10122730.0,504684,12/13/2022 13:28,801302,Hyundai,Veloster,0,0,,146
10234147.0,508760,12/6/2022 18:18,801038,Jeep,Wrangler,0,1,0.114,383
10103959.0,511268,12/6/2022 17:59,802082,BMW,3 Series,0,0,,275
10161304.0,515116,12/9/2022 18:46,800626,Nissan,Sentra,0,0,,1492
10188883.0,514268,12/6/2022 19:44,801518,Volkswagen,Beetle,0,1,0.065,1030
10012372.0,527800,12/19/2022 18:26,802328,Volkswagen,Beetle,0,0,,1741
10043803.0,511506,12/9/2022 21:52,800294,Toyota,Tacoma,0,1,0.135,368
10281475.0,522174,12/9/2022 22:31,802284,Nissan,Titan,0,0,,155
10128766.0,525576,12/10/2022 18:12,801350,Toyota,Corolla,0,0,,541
10055002.0,518038,12/10/2022 18:22,800796,Tesla,Model 3,1,1,0.128,0
10147069.0,506272,12/8/2022 8:06,800516,Audi,Q3,0,0,,477
10250788.0,504942,12/14/2022 21:04,800276,Subaru,WRX,0,0,,445
10101820.0,526832,12/9/2022 17:00,801780,Porsche,911,1,0,,51
10196641.0,514304,12/7/2022 2:07,802602,Toyota,RAV4,0,0,,193
10031674.0,507364,12/8/2022 1:33,801668,Subaru,Forester,0,0,,79
10128718.0,506646,12/10/2022 22:55,800984,Volkswagen,Passat,0,1,0.083,74
10015222.0,503596,12/9/2022 3:33,802416,Chevrolet,Silverado,0,1,0.129,67
10132333.0,515546,12/7/2022 18:11,800896,Volkswagen,Beetle,0,0,,940
10070842.0,526026,12/7/2022 16:26,801468,Ford,Fusion,0,1,0.03,662
10236289.0,518132,12/8/2022 16:43,800356,Chevrolet,Camaro,1,0,,411
10256116.0,526242,12/8/2022 15:13,801642,Hyundai,Veloster,1,0,,257
10120264.0,509740,12/10/2022 18:11,801274,Toyota,RAV4,0,0,,431
10113952.0,508786,12/7/2022 17:44,801082,Toyota,Corolla,0,0,,701
10001431.0,508822,12/7/2022 17:17,801776,Ford,F-150,0,1,0.079,146
10109155.0,518046,12/7/2022 17:50,801598,Land Rover,Range Rover,0,0,,218
10015729.0,517042,12/12/2022 16:51,800474,Honda,CR-V,0,0,,786
10111342.0,524768,12/7/2022 19:44,801838,Land Rover,Range Rover,0,0,,528
10257484.0,518958,12/9/2022 20:54,800238,Nissan,Sentra,0,0,,1881
10200349.0,515700,12/7/2022 20:50,800502,Chevrolet,Equinox,0,1,0.133,928
10127698.0,515622,12/7/2022 20:21,801546,Jeep,Wrangler,0,1,0.033,38
10285567.0,509700,12/13/2022 19:22,802440,Audi,A4,0,1,0.118,498
10061236.0,502758,12/7/2022 22:14,800860,Tesla,Model S,0,0,,743
10007773.0,520142,12/7/2022 22:23,802110,Tesla,Model 3,0,0,,1751
10275490.0,511656,12/14/2022 13:13,802420,Nissan,Leaf,0,0,,479
10178419.0,516136,12/8/2022 2:32,800058,Jeep,Wrangler,0,1,0.045,0
10221343.0,520264,12/9/2022 22:40,802148,Toyota,Corolla,0,0,,185
10248268.0,525420,12/11/2022 14:51,801462,Hyundai,Veloster,0,0,,562
,503972,12/10/2022 1:40,800636,Nissan,Sentra,0,0,,1479
10194682.0,515986,12/12/2022 14:33,801922,Toyota,Corolla,0,0,,1593
10070548.0,515690,12/10/2022 18:38,802168,BMW,X3,1,0,,0
10110685.0,507830,12/8/2022 14:33,800630,Porsche,911,0,0,,894
10008874.0,508536,12/8/2022 14:39,802320,Nissan,Titan,0,1,0.177,892
10084795.0,521202,12/13/2022 18:51,801790,Volkswagen,Passat,1,1,0.025,345
10178827.0,520558,12/8/2022 20:12,801142,Nissan,Sentra,0,0,,764
10221487.0,520856,12/9/2022 19:49,802046,Chevrolet,Camaro,0,0,,974
10176601.0,521102,12/10/2022 19:55,801554,Toyota,Tacoma,0,1,0.08,128
10220680.0,515166,12/9/2022 0:28,801690,Porsche,911,0,0,,72
10091029.0,510352,12/8/2022 20:26,800584,Ford,Mustang,0,0,,44
10007416.0,519558,12/11/2022 17:51,801262,Audi,A6,0,0,,973
10096054.0,504148,12/8/2022 21:41,801766,Jeep,Wrangler,0,0,,368
10245181.0,520400,12/8/2022 22:41,802232,Mercedes-Benz,GLC,0,0,,896
10098754.0,523676,12/9/2022 0:01,801334,Volkswagen,Passat,1,1,0.096,111
10076290.0,525290,12/9/2022 22:41,800668,Nissan,Sentra,0,0,,997
10146154.0,524514,12/9/2022 3:55,801550,Chevrolet,Silverado,0,0,,0
10052290.0,519292,12/12/2022 16:05,800644,Toyota,Tacoma,0,0,,8
10055842.0,507434,12/11/2022 16:05,801820,Hyundai,Veloster,1,0,,846
10017160.0,525198,12/9/2022 14:48,802236,Audi,A4,1,0,,98
10031239.0,502214,12/14/2022 16:41,802256,Ford,Mustang,0,0,,67
10073920.0,506796,12/9/2022 5:08,801810,Mercedes-Benz,GLE,0,0,,642
10167901.0,513126,12/13/2022 20:29,800556,Porsche,Panamera,0,1,0.154,658
10017007.0,514968,12/14/2022 15:30,801866,Audi,Q3,0,1,0.065,638
10167574.0,520286,12/12/2022 18:08,800748,Tesla,Model S,0,0,,1754
10105654.0,523078,12/9/2022 18:05,802298,Volkswagen,Passat,0,0,,1432
10049251.0,527664,12/9/2022 18:17,801816,Honda,CR-V,0,1,0.141,307
10250626.0,519032,12/9/2022 17:54,801326,Audi,A4,0,0,,1011
10016875.0,515452,12/12/2022 21:25,800532,Chevrolet,Camaro,1,0,,0
10046116.0,517996,12/11/2022 19:22,802542,Nissan,Sentra,0,1,0.139,822
10270237.0,509772,12/12/2022 14:35,800094,Porsche,911,0,0,,316
10108975.0,519400,12/9/2022 21:10,802524,Ford,Mustang,0,0,,391
10116223.0,505884,12/11/2022 1:18,802008,Honda,HR-V,0,0,,434
10094677.0,524184,12/12/2022 15:26,801698,Ram,1500,0,1,0.032,129
10297474.0,508218,12/14/2022 1:57,802594,Tesla,Model 3,1,0,,355
10032304.0,502192,12/27/2022 16:55,802276,Honda,HR-V,0,0,,1023
10277995.0,511860,12/13/2022 20:49,800208,Audi,A4,0,1,0.06,0
10233142.0,514864,12/11/2022 3:27,802694,Tesla,Model 3,1,1,0.136,103
10258804.0,524528,12/10/2022 20:31,800180,Ram,1500,0,0,,172
10234897.0,523146,12/12/2022 22:46,800938,Porsche,911,0,0,,603
10268194.0,506372,4/23/2023 19:40,802334,Hyundai,Veloster,0,0,,1366
10051321.0,514002,12/12/2022 14:53,800646,Honda,Civic,1,1,0.089,1077
10090822.0,522058,12/11/2022 5:41,801368,Volkswagen,Beetle,0,0,,190
10060066.0,509230,12/13/2022 17:14,802116,BMW,X3,0,0,,356
10090399.0,524836,12/11/2022 16:11,800458,Volkswagen,Beetle,0,0,,1057
10104004.0,508834,12/20/2022 20:52,802346,Honda,HR-V,1,0,,0
10109734.0,512574,12/11/2022 21:06,800328,Subaru,Forester,0,1,0.282,0
10136401.0,509782,12/11/2022 22:19,802234,Ford,Escape,0,0,,360
10173511.0,505906,12/19/2022 20:43,801888,Ford,Escape,0,0,,257
10133863.0,512126,12/16/2022 16:33,802198,Honda,Civic,0,0,,1337
10251412.0,509404,12/12/2022 4:39,802304,Jeep,Wrangler,1,0,,0
10182280.0,523456,12/12/2022 17:52,801956,Toyota,RAV4,0,0,,258
10173616.0,521742,12/12/2022 23:12,802464,Toyota,Tacoma,1,0,,0
10292749.0,519052,12/16/2022 18:12,800894,Toyota,RAV4,0,0,,221
10157845.0,512538,12/12/2022 16:12,802262,Mercedes-Benz,GLC,0,0,,991
10220353.0,506210,12/19/2022 15:09,802414,Ford,Fusion,0,0,,1464
10285726.0,508990,12/12/2022 18:41,801120,Mercedes-Benz,GLC,0,0,,891
10121941.0,523976,12/12/2022 19:20,802182,Volkswagen,Beetle,0,0,,1699
10285048.0,523056,12/12/2022 19:17,801678,Volkswagen,Beetle,0,0,,561
10204501.0,512970,12/13/2022 21:24,802258,Tesla,Model 3,1,0,,749
10284466.0,526776,12/14/2022 18:27,800978,Audi,A4,0,1,0.09,731
10282300.0,507862,12/15/2022 18:11,800170,Chevrolet,Equinox,0,0,,1261
10020472.0,508222,12/12/2022 23:17,800486,Chevrolet,Silverado,0,0,,381
10196260.0,501196,12/14/2022 15:52,800390,Subaru,Forester,0,0,,742
10193383.0,505972,12/12/2022 21:55,801406,Tesla,Model 3,1,0,,1454
10203382.0,514204,12/17/2022 18:19,800764,Ram,1500,0,1,0.074,516
10114744.0,522728,12/13/2022 17:13,801872,Porsche,Panamera,0,0,,1219
10157716.0,503266,12/13/2022 2:15,800176,Subaru,WRX,1,0,,1076
10026013.0,527446,12/13/2022 3:36,800774,Nissan,Leaf,1,0,,734
10282888.0,523112,12/21/2022 0:14,802342,Toyota,RAV4,0,1,0.098,367
10296109.0,517642,12/13/2022 13:35,800718,Nissan,Sentra,0,1,0.112,1027
10075279.0,515052,12/15/2022 15:11,800858,Chevrolet,Silverado,0,1,0.096,298
10093708.0,519422,12/15/2022 14:30,802410,Ram,1500,1,1,0.032,0
10193380.0,515974,12/20/2022 15:44,800592,Toyota,Tacoma,0,1,0.079,8
10107769.0,526378,12/13/2022 18:12,802308,Porsche,911,0,0,,1156
10042528.0,503886,12/13/2022 19:31,801378,Subaru,WRX,1,0,,1144
10025560.0,517938,12/13/2022 21:51,801894,Honda,CR-V,0,0,,427
10284793.0,522554,12/14/2022 0:11,800164,Audi,A6,1,0,,1
10104751.0,526050,12/22/2022 17:33,800554,Audi,A6,1,1,0.119,206
10188013.0,516798,12/16/2022 16:53,801632,Nissan,Sentra,0,0,,421
10265608.0,506390,12/16/2022 20:20,801772,Nissan,Sentra,0,1,0.136,842
10052563.0,525400,12/14/2022 2:01,801800,Porsche,Panamera,1,0,,482
10282747.0,521332,12/16/2022 15:58,800130,Tesla,Model S,0,0,,1372
10166689.0,513978,12/14/2022 6:03,802072,Audi,A4,0,0,,1070
10106278.0,519510,12/22/2022 23:42,802356,Tesla,Model S,1,0,,1044
10236271.0,513458,12/14/2022 15:26,800534,Ford,Mustang,0,1,0.148,706
10093264.0,504000,12/14/2022 18:50,801748,Subaru,Forester,1,0,,0
10239829.0,521558,12/16/2022 15:03,800004,Mercedes-Benz,GLC,0,0,,802
10037989.0,509392,12/14/2022 22:54,800192,BMW,X3,0,0,,554
10206172.0,512502,12/16/2022 16:59,802264,Subaru,WRX,0,1,0.136,1584
10225570.0,504554,12/16/2022 0:50,800326,Ram,1500,0,1,0.089,187
10275460.0,506504,12/18/2022 22:02,800424,Chevrolet,Silverado,0,1,0.108,0
10147123.0,517276,12/15/2022 15:34,801384,Honda,HR-V,0,0,,521
10096285.0,500550,12/15/2022 16:15,802124,Subaru,Forester,0,0,,423
10003411.0,508420,12/15/2022 16:27,800832,Subaru,Forester,0,0,,347
10265821.0,516590,12/16/2022 22:29,801744,BMW,3 Series,0,0,,426
10050034.0,522134,12/15/2022 17:06,802508,Mercedes-Benz,S-Class,1,0,,871
10111768.0,502914,12/15/2022 21:21,800230,Hyundai,Veloster,1,1,0.138,539
10249951.0,516150,12/16/2022 22:13,800728,Audi,A6,0,1,0.134,435
10011118.0,525464,12/15/2022 22:47,801324,Ford,F-150,0,0,,376
10007323.0,506674,12/17/2022 21:38,801170,Audi,Q3,0,0,,965
10106731.0,521638,12/18/2022 17:03,801962,Volkswagen,Passat,0,0,,1685
10088152.0,510788,12/17/2022 0:14,800136,Mercedes-Benz,GLC,1,1,0.056,483
10192927.0,506518,12/21/2022 18:28,800198,Chevrolet,Silverado,0,0,,0
10029508.0,503052,12/20/2022 14:32,800124,Toyota,Corolla,1,0,,0
10044733.0,524264,12/19/2022 14:59,801874,Volkswagen,Passat,0,0,,1068
10061587.0,508540,12/18/2022 18:50,801614,Audi,A6,1,0,,1212
10205701.0,518024,12/16/2022 23:09,801880,Chevrolet,Equinox,1,1,0.066,12
10014040.0,513540,12/19/2022 21:10,801032,Nissan,Leaf,0,0,,149
10291909.0,521616,12/18/2022 17:54,800240,Mercedes-Benz,E-Class,0,0,,1485
10011949.0,512568,12/20/2022 17:47,802376,Tesla,Model 3,1,0,,942
10295440.0,527246,12/27/2022 23:43,800410,Subaru,WRX,0,0,,1413
10218340.0,508290,12/22/2022 14:41,800838,BMW,3 Series,0,0,,1129
10171645.0,503030,12/17/2022 15:59,802050,Toyota,Corolla,0,0,,455
10270378.0,521000,12/27/2022 16:17,801224,Hyundai,Veloster,0,0,,1452
10062208.0,512778,12/22/2022 21:26,801982,Chevrolet,Silverado,0,0,,517
10020994.0,512820,12/21/2022 13:49,800160,Mercedes-Benz,GLE,1,1,0.069,36
10068586.0,513464,12/23/2022 18:31,802176,Tesla,Model 3,1,0,,1976
10293316.0,510880,12/17/2022 20:06,802552,Audi,Q3,1,0,,48
,523354,12/17/2022 20:12,801960,Chevrolet,Silverado,0,0,,486
10184083.0,521042,12/19/2022 14:36,800350,Tesla,Model 3,1,1,0.086,290
10143904.0,509686,12/23/2022 0:04,802642,Chevrolet,Equinox,1,0,,225
10008319.0,509452,12/19/2022 16:23,800148,Mercedes-Benz,S-Class,0,0,,1836
10026436.0,521072,12/26/2022 21:15,801040,Ford,Fusion,0,0,,1802
10208821.0,513344,12/18/2022 19:32,801812,Nissan,Leaf,0,0,,1291
10286509.0,506664,1/5/2023 19:28,801620,Tesla,Model S,1,0,,537
10136347.0,503076,12/29/2022 21:13,802522,Toyota,RAV4,0,1,0.032,9
10260049.0,524770,12/23/2022 22:22,802312,Subaru,WRX,0,0,,1206
10160872.0,523172,12/19/2022 23:55,802568,Toyota,Tacoma,0,0,,448
10088515.0,515006,12/23/2022 0:22,801070,Ford,Escape,0,0,,581
10252381.0,506078,12/19/2022 3:11,801688,Tesla,Model 3,1,0,,0
10203880.0,523802,12/20/2022 18:11,800980,Mercedes-Benz,S-Class,0,0,,1565
10267519.0,527666,12/19/2022 7:01,802274,Mercedes-Benz,E-Class,0,0,,1497
10250518.0,526568,12/22/2022 17:18,800878,Ford,F-150,0,0,,398
10243369.0,518602,12/19/2022 16:35,800404,Tesla,Model 3,0,0,,900
10102531.0,522688,12/21/2022 14:19,801652,Mercedes-Benz,GLC,1,0,,610
10266847.0,506662,12/20/2022 1:25,800154,Volkswagen,Beetle,1,1,0.02,266
10225798.0,525618,12/20/2022 1:05,800946,Toyota,Tacoma,0,1,0.149,98
10098640.0,514668,12/27/2022 13:14,801670,Tesla,Model S,1,0,,884
10281277.0,523568,12/19/2022 21:47,802246,Ford,F-150,0,1,0.132,270
10269841.0,501540,12/22/2022 23:59,800218,BMW,3 Series,0,0,,1009
10213888.0,504146,12/21/2022 2:48,801574,Ram,1500,0,0,,255
10017964.0,504196,12/20/2022 3:31,802056,Honda,HR-V,0,0,,263
10181884.0,503576,12/22/2022 16:45,802572,Hyundai,Veloster,0,0,,793
10007278.0,523780,12/23/2022 6:33,800358,Nissan,Leaf,0,0,,1369
,508790,12/20/2022 8:00,801464,Nissan,Leaf,0,0,,292
10295194.0,519710,12/21/2022 1:45,800820,Hyundai,Veloster,0,0,,868
10108054.0,518144,12/28/2022 17:47,800436,Honda,Civic,0,0,,1707
10206427.0,515606,12/21/2022 16:40,801314,Land Rover,Range Rover,0,0,,43
10217131.0,511242,12/23/2022 15:27,801066,Ford,F-150,0,0,,276
10184209.0,526946,12/20/2022 22:53,801732,Toyota,Corolla,1,1,0.058,0
10223545.0,515588,12/20/2022 23:12,801000,Mercedes-Benz,GLE,0,0,,568
10099537.0,507270,12/22/2022 20:53,801612,Chevrolet,Silverado,0,1,0.109,56
10279846.0,524294,12/21/2022 0:52,801292,Subaru,WRX,0,0,,942
10042057.0,520968,12/21/2022 1:20,802096,Hyundai,Veloster,0,1,0.074,381
10256119.0,511922,12/22/2022 23:28,801594,Hyundai,Sonata,1,0,,708
10030084.0,516262,12/21/2022 16:04,802132,Porsche,911,1,1,0.096,5
10190191.0,513886,12/21/2022 5:37,802012,BMW,5 Series,0,0,,1066
10087378.0,506994,12/26/2022 1:36,800876,Mercedes-Benz,GLE,0,1,0.077,327
10119202.0,507756,12/22/2022 20:25,800382,Tesla,Model 3,1,0,,280
10145986.0,518982,12/27/2022 18:42,800652,Honda,CR-V,0,1,0.16,1250
10010998.0,517360,12/22/2022 20:54,800674,Subaru,WRX,0,0,,1083
10275313.0,520168,12/26/2022 22:44,800540,Porsche,Panamera,0,1,0.038,668
10188169.0,517094,12/27/2022 19:03,800190,Porsche,911,0,1,0.092,944
10224241.0,510900,12/23/2022 15:28,802518,Ram,1500,0,1,0.042,104
10276360.0,523258,12/22/2022 22:18,801098,Ford,Escape,1,0,,123
10080040.0,511300,12/27/2022 21:29,802374,Mercedes-Benz,GLC,0,1,0.143,1173
10044934.0,526928,12/23/2022 16:18,802332,Mercedes-Benz,GLE,0,0,,558
10045651.0,527044,12/22/2022 6:07,801958,Ford,F-150,0,0,,266
10140370.0,524402,12/26/2022 17:37,802686,Jeep,Wrangler,0,0,,392
10266328.0,505338,12/22/2022 23:03,802120,Mercedes-Benz,S-Class,0,0,,1337
10021378.0,502502,12/29/2022 21:55,801856,Toyota,Tacoma,0,1,0.144,528
10263139.0,510164,12/23/2022 13:48,802540,Audi,A4,0,0,,711
10237765.0,509748,12/23/2022 13:21,802412,Honda,CR-V,0,0,,1169
10234492.0,512048,12/23/2022 0:35,801948,Ford,Fusion,1,0,,321
10184674.0,527814,12/23/2022 13:11,801984,Mercedes-Benz,GLE,1,0,,39
10163449.0,503482,12/23/2022 2:02,801020,Porsche,Panamera,1,0,,760
10254295.0,500858,12/23/2022 2:32,801312,Chevrolet,Camaro,1,0,,513
10237945.0,507538,12/23/2022 5:09,801854,Porsche,911,1,0,,310
10041445.0,520384,12/23/2022 7:49,802196,Chevrolet,Silverado,0,0,,475
10210813.0,507374,12/23/2022 16:30,802260,Ford,Fusion,0,0,,1490
10268500.0,516954,12/27/2022 15:00,800566,Mercedes-Benz,S-Class,1,0,,1030
10206454.0,514870,12/24/2022 17:52,801412,Hyundai,Veloster,1,0,,394
10125250.0,525052,12/23/2022 21:07,801774,BMW,5 Series,0,0,,576
10286221.0,520982,12/24/2022 22:04,801814,BMW,5 Series,0,1,0.154,1578
10138714.0,518972,12/24/2022 18:27,801182,Ford,F-150,0,1,0.065,320
10071469.0,506762,12/24/2022 11:47,802364,Subaru,WRX,1,0,,461
10268575.0,503104,12/24/2022 15:21,802270,Tesla,Model S,0,0,,1747
10012177.0,505980,12/26/2022 18:02,801080,Honda,Civic,0,0,,1310
10274311.0,513278,12/25/2022 15:04,801054,Chevrolet,Malibu,0,0,,340
10246036.0,518258,12/26/2022 16:20,801036,Nissan,Sentra,0,0,,1307
10100971.0,501656,12/26/2022 20:30,801342,Nissan,Sentra,0,0,,0
10047091.0,507020,12/25/2022 19:53,800270,Hyundai,Veloster,0,1,0.082,780
10145050.0,521556,12/26/2022 19:37,801716,Ford,F-150,0,1,0.144,252
10076674.0,514782,12/26/2022 15:18,800082,Porsche,Panamera,0,0,,1083
10026427.0,511470,12/26/2022 17:00,801508,Chevrolet,Malibu,1,1,0.073,441
10057384.0,514868,12/28/2022 14:40,800906,Toyota,Tacoma,0,0,,316
10105711.0,522806,12/26/2022 22:18,800916,Toyota,Tacoma,0,1,0.172,0
10274083.0,517306,12/26/2022 22:12,800156,Ford,Mustang,0,0,,310
10216927.0,519222,12/27/2022 12:44,801794,Porsche,Panamera,0,0,,1529
,526474,12/27/2022 1:11,800386,Mercedes-Benz,GLE,0,0,,425
10243012.0,517084,12/29/2022 12:45,802584,Ford,Fusion,1,1,0.031,281
10211503.0,517574,12/28/2022 19:28,801152,BMW,5 Series,1,1,0.048,331
10079473.0,518752,12/27/2022 21:18,801346,Chevrolet,Equinox,0,0,,931
10056910.0,515364,12/27/2022 14:54,800202,Audi,A6,1,0,,361
10243996.0,505930,12/27/2022 17:17,802682,Audi,Q3,0,0,,192
10181581.0,507004,12/27/2022 18:43,801806,BMW,3 Series,0,1,0.052,1769
10082986.0,516868,12/27/2022 22:55,802516,Chevrolet,Equinox,0,0,,568
10001416.0,525274,12/27/2022 23:43,801230,Subaru,Forester,0,0,,295
10137853.0,510430,12/28/2022 1:12,801834,Subaru,Forester,0,0,,219
10057027.0,514372,12/28/2022 11:07,800220,Ford,Mustang,0,0,,554
10188229.0,517206,12/28/2022 18:56,800572,Mercedes-Benz,GLC,0,0,,1567
10215643.0,522402,12/28/2022 20:17,802010,Mercedes-Benz,GLE,0,0,,870
